Row,DS,CLD,N1,LSC,Harmfulness,F4
1,1.0554923158842433,0.9249615458411486,-0.9159248547292903,-0.35085583200451625,-0.6450624879626057,-1.5752633191860257
2,1.2192814454984398,1.0686380366142252,-0.9159248547292903,-0.35085583200451625,-0.6450624879626057,-0.46273829397282273
3,0.4663576027583041,0.9479193924361029,-0.9159248547292903,-0.35085583200451625,-0.6450624879626057,0.07492440519572273
4,0.4663576027583041,0.9257489085036924,-0.9159248547292903,-1.9054874932102543,-0.6450624879626057,1.0474177033732552
5,0.20846140488164522,1.156056740806418,0.6487153967610667,0.9123050825696861,1.8518217044814775,1.2479428724843256
6,1.0554923158842433,-0.13444235348071912,1.3023630949135134,1.3089648494624735,1.516891679257141,-1.2140746465203123
7,1.2192814454984398,1.4749913504793501,-0.9159248547292903,-1.550942812800195,-0.6450624879626057,-1.2862128329028193
8,1.0554923158842433,0.9428081041053873,1.3023630949135134,1.3089648494624735,1.516891679257141,0.03214308753104007
9,1.0554923158842433,1.3763920903639848,0.6487153967610667,-0.35085583200451625,1.1156433653898234,-0.9156838033300055
10,1.0554923158842433,0.9249615458411486,0.6487153967610667,0.49625753022861807,0.48535641377843697,-1.0075763202971717
11,1.2192814454984398,1.1560387827772485,0.9214881134909242,1.3089648494624735,1.9062435732537415,1.537047747774756
12,1.0554923158842433,-0.1642410090209825,0.9214881134909242,1.3089648494624735,1.8518217044814775,-1.7016784820425845
13,0.4663576027583041,1.3054779134731556,-0.09384426513059328,-1.2978272669541804,1.1156433653898234,-0.5198178889772622
14,1.0554923158842433,1.023338398314194,1.3023630949135134,1.3089648494624735,1.8518217044814775,1.2917133779513392
15,0.6041654687355471,1.504064811902689,-0.9159248547292903,-1.2978272669541804,-0.6450624879626057,-1.306527193140956
16,0.8985215205696524,1.5220454096936487,0.6487153967610667,-0.918399887543799,-0.6450624879626057,-1.501571090397703
17,1.2192814454984398,1.0121077613508,0.9214881134909242,-0.35085583200451625,0.48535641377843697,1.4200290720884383
18,0.4663576027583041,0.9727108950018569,-0.9159248547292903,-0.35085583200451625,-0.6450624879626057,1.552705672427827
19,0.6041654687355471,1.504064811902689,-0.9159248547292903,-1.2978272669541804,-0.6450624879626057,-1.306527193140956
20,0.8985215205696524,1.5341671055696515,0.6487153967610667,-0.35085583200451625,-0.6450624879626057,-1.5752633191860257
21,0.8985215205696524,1.5341671055696515,1.3023630949135134,-0.35085583200451625,0.48535641377843697,-1.5752633191860257
22,0.7481504752612352,0.8197486101400602,0.6487153967610667,0.9123050825696861,-0.6450624879626057,-0.5198178889772622
23,0.6041654687355471,1.50418910838816,0.061285831507066804,-1.550942812800195,-0.6450624879626057,-1.254763114612796
24,0.6041654687355471,1.50418910838816,-0.9159248547292903,-1.550942812800195,-0.6450624879626057,-1.254763114612796
25,1.2192814454984398,0.1835167987817322,1.3023630949135134,1.3089648494624735,-0.6450624879626057,0.05228239144288143
26,1.0554923158842433,1.0839220823925024,0.9214881134909242,1.3089648494624735,1.8518217044814775,0.5009059820953283
27,1.0554923158842433,0.012930097209435923,1.3023630949135134,0.9123050825696861,1.8518217044814775,-1.2140746465203123
28,0.6041654687355471,1.1444628226255846,1.3023630949135134,0.49625753022861807,0.48535641377843697,-0.05358297904931856
29,0.8985215205696524,1.5265200001729247,-0.9159248547292903,-1.831330264377629,-0.6450624879626057,-1.2140746465203123
30,1.2192814454984398,0.3042133244044496,1.3023630949135134,1.3089648494624735,1.516891679257141,-0.9758245404935708
31,0.20846140488164522,1.0773742775367285,1.3023630949135134,1.3089648494624735,1.516891679257141,0.7092643182112509
32,0.4663576027583041,1.3125606563787071,-0.9159248547292903,-1.2978272669541804,0.48535641377843697,-0.5198178889772622
33,0.4663576027583041,1.3125606563787071,-0.9159248547292903,-1.2978272669541804,-0.6450624879626057,-0.5198178889772622
34,1.0554923158842433,1.3848549071994645,0.061285831507066804,0.49625753022861807,-0.6450624879626057,-0.6588459232642572
35,0.20846140488164522,1.1353660820617384,0.6487153967610667,0.9123050825696861,-0.6450624879626057,0.12040403497940012
36,1.0554923158842433,1.4367957447063635,0.6487153967610667,0.49625753022861807,-0.6450624879626057,-0.5198178889772622
37,1.2192814454984398,1.1484652660608106,1.033866382871163,-0.35085583200451625,0.48535641377843697,1.2917133779513392
38,0.6041654687355471,1.5090788093231444,0.9214881134909242,0.49625753022861807,1.1156433653898234,-1.2140746465203123
39,0.8985215205696524,1.0166735176070512,0.9214881134909242,0.49625753022861807,1.663977751449648,0.8184218777387091
40,1.2192814454984398,1.4820315052614428,1.3023630949135134,0.49625753022861807,0.48535641377843697,-0.9156838033300055
41,0.8985215205696524,1.0752703583884706,0.6487153967610667,0.49625753022861807,0.48535641377843697,1.2917133779513392
42,0.7481504752612352,-0.05752986909079958,1.3023630949135134,0.9123050825696861,1.516891679257141,-1.254763114612796
43,0.7481504752612352,1.5224228799926143,-0.9159248547292903,0.49625753022861807,-0.6450624879626057,-1.254763114612796
44,0.7481504752612352,-0.05752986909079958,1.3023630949135134,0.9123050825696861,1.9062435732537415,-1.254763114612796
45,0.6041654687355471,0.9259244876736007,0.6487153967610667,-0.918399887543799,0.48535641377843697,0.9793299737423571
46,1.0554923158842433,1.385851873092773,-0.9159248547292903,0.49625753022861807,0.48535641377843697,-0.5198178889772622
47,1.2192814454984398,0.48292691729610193,1.3023630949135134,1.3089648494624735,1.9042502829286425,0.12040403497939503
48,0.8985215205696524,-0.09636595904373008,0.6487153967610667,-0.020509646266209425,-0.6450624879626057,-1.5752633191860257
49,0.8985215205696524,-0.09636595904373008,-0.9159248547292903,-0.020509646266209425,-0.6450624879626057,-1.5752633191860257
50,0.8985215205696524,-0.09636595904373008,-0.9159248547292903,-0.020509646266209425,-0.6450624879626057,-1.5752633191860257
51,1.0554923158842433,0.8076115670684663,0.9214881134909242,1.3089648494624735,1.9062435732537415,1.1675693135823155
52,1.0554923158842433,1.235013672125061,-0.9159248547292903,0.49625753022861807,1.4674312109705496,1.1675693135823155
53,1.0554923158842433,0.030236335345865704,-0.9159248547292903,1.3089648494624735,1.516891679257141,-0.9156838033300055
54,1.0554923158842433,0.9285357711933101,1.3023630949135134,1.3089648494624735,1.516891679257141,1.4200290720884439
55,1.2192814454984398,1.5266851466002456,-0.9159248547292903,-1.7194272933406747,-0.6450624879626057,-1.2140746465203123
56,0.6041654687355471,0.9274288998625555,-0.9159248547292903,-0.918399887543799,-0.6450624879626057,0.7293137082209589
57,1.0554923158842433,1.442030524899442,0.6487153967610667,0.49625753022861807,1.4674312109705496,-0.6588459232642572
58,1.0554923158842433,1.4787207110734784,0.6487153967610667,0.49625753022861807,1.1156433653898234,-0.5198178889772622
59,0.20846140488164522,1.1318551331909765,-0.9159248547292903,0.561968740846123,-0.6450624879626057,0.07492440519572273
60,1.2192814454984398,0.027555800132517527,0.9214881134909242,1.3089648494624735,1.516891679257141,-0.9758245404935708
61,1.2192814454984398,0.1509658262592043,1.3023630949135134,1.3089648494624735,1.9042502829286425,-0.44742093524783233
62,-0.02711531932661335,1.440785780385151,-0.9159248547292903,-1.2978272669541804,-0.6450624879626057,0.03214308753104007
63,1.2192814454984398,0.6357926442479429,-0.9159248547292903,0.561968740846123,1.516891679257141,1.552705672427827
64,0.8985215205696524,1.5268883159708884,0.44515678022707655,-1.2978272669541804,-0.6450624879626057,-1.2140746465203123
65,0.8985215205696524,1.5338947158820815,0.6487153967610667,0.49625753022861807,0.48535641377843697,-1.5752633191860257
66,0.20846140488164522,1.1333570834406514,0.6487153967610667,1.3089648494624735,1.516891679257141,0.07492440519572273
67,0.8985215205696524,1.5318497385621674,1.0684117967417381,0.49625753022861807,1.1156433653898234,-1.3570510123348964
68,1.0554923158842433,-0.13654612347404987,-0.9159248547292903,0.9123050825696861,-0.6450624879626057,-1.792863427029083
69,1.2192814454984398,0.13430734986833728,0.9214881134909242,1.3089648494624735,1.8518217044814775,-0.7256131961777383
70,0.8985215205696524,0.430491364870588,-0.9159248547292903,-0.4743296090670349,-0.6450624879626057,1.552705672427821
71,0.4663576027583041,-0.11072692117275239,0.9214881134909242,0.561968740846123,-0.6450624879626057,-1.254763114612796
72,0.4663576027583041,-0.11072692117275239,1.3023630949135134,0.25260940000528104,-0.6450624879626057,-1.254763114612796
73,0.6041654687355471,0.9387031535934889,0.28788857410564644,0.49625753022861807,1.1156433653898234,0.2785273197373122
74,0.3345227321332346,-0.09502087724814698,0.0034879285865535617,1.3089648494624735,1.9042502829286425,-1.5752633191860257
75,0.3345227321332346,1.5292578575458513,1.3023630949135134,-0.918399887543799,1.4674312109705496,-1.5752633191860257
76,0.3345227321332346,1.5292578575458513,1.3023630949135134,-0.35085583200451625,1.663977751449648,-1.5752633191860257
77,0.4663576027583041,1.5320469424406145,-0.9159248547292903,0.49625753022861807,1.7739012384406487,-1.254763114612796
78,0.3345227321332346,-0.09502087724814698,-0.9159248547292903,1.3089648494624735,-0.6450624879626057,-1.5752633191860257
79,0.3345227321332346,-0.09502087724814698,-0.9159248547292903,1.3089648494624735,-0.6450624879626057,-1.5752633191860257
80,0.3345227321332346,-0.09502087724814698,-0.9159248547292903,1.3089648494624735,-0.6450624879626057,-1.5752633191860257
81,1.0554923158842433,1.5104961975957374,0.6487153967610667,0.49625753022861807,-0.6450624879626057,-0.8539725820331627
82,0.4663576027583041,-0.11072692117275239,1.3023630949135134,0.561968740846123,1.516891679257141,-1.254763114612796
83,0.4663576027583041,-0.11072692117275239,1.3023630949135134,0.561968740846123,-0.6450624879626057,-1.254763114612796
84,0.4663576027583041,-0.11072692117275239,1.3023630949135134,0.561968740846123,-0.6450624879626057,-1.254763114612796
85,0.8985215205696524,1.5072871558193461,0.061285831507066804,-0.35085583200451625,-0.6450624879626057,-0.5198178889772622
86,0.8985215205696524,0.020757934132623813,-0.9159248547292903,1.3089648494624735,1.8518217044814775,-0.5198178889772622
87,0.08797880255382956,-0.11931957145955224,-0.9159248547292903,-0.020509646266209425,-0.6450624879626057,-1.2140746465203123
88,0.08797880255382956,-0.11931957145955224,-0.9159248547292903,0.25260940000528104,1.9042502829286425,-1.2140746465203123
89,0.08797880255382956,-0.11931957145955224,-0.9159248547292903,-0.020509646266209425,-0.6450624879626057,-1.2140746465203123
90,-0.02711531932661335,1.4822499191534562,-0.9159248547292903,-1.550942812800195,-0.6450624879626057,0.03214308753104007
91,0.08797880255382956,1.5335548420087755,1.3023630949135134,0.49625753022861807,1.8354408252014338,-1.2140746465203123
92,0.08797880255382956,-0.11931957145955224,-0.9159248547292903,0.25260940000528104,-0.6450624879626057,-1.2140746465203123
93,0.08797880255382956,-0.11931957145955224,-0.9159248547292903,0.25260940000528104,-0.6450624879626057,-1.2140746465203123
94,0.08797880255382956,-0.11931957145955224,-0.9159248547292903,0.25260940000528104,-0.6450624879626057,-1.2140746465203123
95,0.08797880255382956,0.31172401210367806,-0.9159248547292903,-1.2159248038427029,-0.6450624879626057,1.2053341283362053
96,1.0554923158842433,0.12921831424445315,0.6487153967610667,1.3089648494624735,1.516891679257141,-0.5198178889772622
97,0.20846140488164522,1.1441533271957136,-0.9159248547292903,-0.020509646266209425,-0.6450624879626057,0.2785273197373122
98,1.2192814454984398,1.3925175084598311,1.3023630949135134,0.49625753022861807,1.1156433653898234,0.30494183757865073
99,1.2192814454984398,1.5360815191015373,0.6487153967610667,0.49625753022861807,1.1156433653898234,-1.2140746465203123
100,1.0554923158842433,1.491387148127739,1.3023630949135134,0.49625753022861807,1.1156433653898234,-0.6588459232642572
101,-0.02711531932661335,1.4462239681118696,-0.9159248547292903,-1.2978272669541804,-0.6450624879626057,-0.05358297904931856
102,1.2192814454984398,1.0998164357496862,0.6487153967610667,-0.35085583200451625,1.1156433653898234,-0.46273829397282273
103,1.0554923158842433,0.45412785465328126,0.9214881134909242,1.3089648494624735,1.8518217044814775,0.5009059820953283
104,0.8985215205696524,-0.06929874140589554,-0.9159248547292903,0.561968740846123,-0.6450624879626057,-0.6588459232642572
105,0.8985215205696524,-0.06929874140589554,-0.9159248547292903,0.561968740846123,-0.6450624879626057,-0.6588459232642572
106,0.8985215205696524,1.144184801232193,1.3023630949135134,1.3089648494624735,1.9042502829286425,0.2785273197373122
107,0.08797880255382956,0.1770014228356575,-0.9159248547292903,0.9123050825696861,-0.6450624879626057,0.6034714679830903
108,0.8985215205696524,-0.07322243178351431,0.28788857410564644,0.9123050825696861,1.516891679257141,-0.6588459232642572
109,1.0554923158842433,-0.12226601370011465,0.6487153967610667,0.9123050825696861,-0.6450624879626057,-1.3570510123348964
110,0.08797880255382956,0.5868062544988148,0.6487153967610667,1.3089648494624735,-0.6450624879626057,0.12040403497940012
111,1.0554923158842433,1.5281810016995945,-0.9159248547292903,0.49625753022861807,0.48535641377843697,-0.8539725820331627
112,1.0554923158842433,0.437290862696543,0.28788857410564644,1.3089648494624735,1.516891679257141,1.1675693135823155
113,1.0554923158842433,-0.08902098210093688,1.3023630949135134,1.3089648494624735,1.516891679257141,-0.8539725820331627
114,-0.02711531932661335,1.4504005522394832,0.6487153967610667,0.49625753022861807,-0.6450624879626057,0.5009059820953283
115,0.4663576027583041,0.8658871939765906,0.9214881134909242,1.3089648494624735,1.8518217044814775,-0.6207980647539018
116,-0.4372551266524922,1.1560453255805931,-0.9159248547292903,0.25260940000528104,-0.6450624879626057,1.2479428724843256
117,-0.02711531932661335,1.4899097197670783,1.3023630949135134,0.49625753022861807,-0.6450624879626057,1.1675693135823155
118,1.0554923158842433,0.7622687348750313,1.3023630949135134,1.3089648494624735,1.516891679257141,0.401437420402728
119,0.8985215205696524,0.044145841328382375,0.6487153967610667,1.3089648494624735,1.516891679257141,0.8184218777387091
120,1.2192814454984398,1.2862711796872606,1.3023630949135134,0.49625753022861807,1.9062435732537415,-0.7696530309770118
121,1.2192814454984398,1.534263613897409,1.133592693477636,0.49625753022861807,1.7739012384406487,-1.254763114612796
122,1.2192814454984398,1.529008379286027,1.033866382871163,0.49625753022861807,1.663977751449648,-0.6588459232642572
123,1.0554923158842433,1.513861969428346,-0.9159248547292903,-0.35085583200451625,0.48535641377843697,0.6034714679830903
124,1.2192814454984398,1.5272115390027978,0.6487153967610667,0.49625753022861807,1.1156433653898234,-0.1368708785191266
125,0.4663576027583041,-0.12246932629461452,0.44515678022707655,0.9123050825696861,-0.6450624879626057,-0.6588459232642572
126,0.8985215205696524,-0.0861102207483465,0.6487153967610667,1.3089648494624735,1.516891679257141,-0.05358297904931856
127,-0.02711531932661335,1.4554276472579923,0.6487153967610667,-0.35085583200451625,0.48535641377843697,1.1675693135823155
128,0.4663576027583041,-0.12246932629461452,1.3023630949135134,0.9123050825696861,1.516891679257141,-0.6588459232642572
129,-0.02711531932661335,1.4572858724439353,0.6487153967610667,-0.35085583200451625,1.8354408252014338,1.4200290720884383
130,1.0554923158842433,1.5289765392114147,0.7477988433987686,0.49625753022861807,0.48535641377843697,-1.5475164255602458
131,1.2192814454984398,-0.09721171861907979,1.3023630949135134,1.3089648494624735,-0.6450624879626057,-0.5198178889772622
132,0.4663576027583041,0.8213765027572599,-0.9159248547292903,-0.9736476429753023,-0.6450624879626057,-0.6207980647539018
133,1.0554923158842433,-0.0934500410503463,-0.9159248547292903,1.3089648494624735,1.516891679257141,-1.5475164255602458
134,0.8985215205696524,-0.019262888550926706,1.3023630949135134,1.3089648494624735,1.8518217044814775,0.03214308753104007
135,0.4663576027583041,0.6739574512533932,-0.9159248547292903,0.561968740846123,-0.6450624879626057,-0.7696530309770118
136,-0.2418765861789704,-0.12582765553769845,0.6487153967610667,0.25260940000528104,-0.6450624879626057,-1.091605854685214
137,0.8985215205696524,-0.09410676347623843,-0.9159248547292903,0.561968740846123,-0.6450624879626057,0.2113014010880034
138,0.4663576027583041,0.8091232859296945,-0.9159248547292903,-0.4743296090670349,-0.6450624879626057,-0.6207980647539018
139,0.08797880255382956,-0.4220633836998061,-0.9159248547292903,0.561968740846123,-0.6450624879626057,0.05228239144288143
140,0.3345227321332346,-0.09354767379765952,0.28788857410564644,0.561968740846123,-0.6450624879626057,-1.501571090397703
141,0.08797880255382956,0.33380773215096704,-0.9159248547292903,-0.4743296090670349,-0.6450624879626057,-0.6588459232642572
142,0.8985215205696524,1.0473143601107695,-0.9159248547292903,-1.2159248038427029,-0.6450624879626057,-0.29469167711022665
143,0.8985215205696524,-0.1476224481116995,0.6487153967610667,0.9123050825696861,1.516891679257141,-1.2140746465203123
144,0.8985215205696524,-0.1476224481116995,1.3023630949135134,0.9123050825696861,-0.6450624879626057,-1.2140746465203123
145,1.0554923158842433,1.53328144248788,-0.9159248547292903,0.49625753022861807,1.4674312109705496,-1.2140746465203123
146,0.8985215205696524,1.5384340171907287,-0.9159248547292903,0.49625753022861807,1.4674312109705496,-1.2140746465203123
147,1.2192814454984398,-0.23566985840513685,-0.9159248547292903,0.25260940000528104,-0.6450624879626057,-0.7807428859563862
148,0.3345227321332346,-0.09354767379765952,1.3023630949135134,0.561968740846123,1.8518217044814775,-1.501571090397703
149,0.3345227321332346,1.528994036754373,-0.9159248547292903,0.49625753022861807,1.663977751449648,-1.501571090397703
150,0.3345227321332346,-0.09354767379765952,1.3023630949135134,0.25260940000528104,-0.6450624879626057,-1.501571090397703
151,1.2192814454984398,1.5009531496662807,1.3023630949135134,0.49625753022861807,1.9062435732537415,0.7092643182112509
152,1.2192814454984398,-0.03053844672456826,1.3023630949135134,1.3089648494624735,1.516891679257141,0.401437420402728
153,1.0554923158842433,0.7045910511243294,0.6487153967610667,1.3089648494624735,1.516891679257141,-0.7696530309770118
154,-1.5609969015437666,1.516853113367133,0.6487153967610667,0.49625753022861807,-0.6450624879626057,-1.5752633191860257
155,-1.5609969015437666,-0.02798657872990345,1.3023630949135134,0.561968740846123,-0.6450624879626057,-1.5752633191860257
156,-1.5609969015437666,-0.02798657872990345,1.3023630949135134,0.561968740846123,-0.6450624879626057,-1.5752633191860257
157,-1.5609969015437666,-0.02798657872990345,1.3023630949135134,0.25260940000528104,-0.6450624879626057,-1.5752633191860257
158,-1.5609969015437666,-0.02798657872990345,1.3023630949135134,0.561968740846123,-0.6450624879626057,-1.5752633191860257
159,-1.5609969015437666,-0.02798657872990345,1.3023630949135134,-1.1024111417657179,-0.6450624879626057,-1.5752633191860257
160,-1.5609969015437666,-0.02798657872990345,1.3023630949135134,-0.9736476429753023,-0.6450624879626057,-1.5752633191860257
161,-1.5609969015437666,-0.02798657872990345,1.3023630949135134,-1.1024111417657179,-0.6450624879626057,-1.5752633191860257
162,-1.5609969015437666,-0.02798657872990345,1.3023630949135134,-1.1024111417657179,-0.6450624879626057,-1.5752633191860257
163,-1.5609969015437666,-0.02798657872990345,1.3023630949135134,-0.9736476429753023,1.9062435732537415,-1.5752633191860257
164,-1.5609969015437666,1.516853113367133,-0.9159248547292903,0.49625753022861807,1.9062435732537415,-1.5752633191860257
165,-1.5609969015437666,1.516853113367133,-0.9159248547292903,0.49625753022861807,-0.6450624879626057,-1.5752633191860257
166,-1.5609969015437666,1.516853113367133,-0.9159248547292903,0.49625753022861807,1.9062435732537415,-1.5752633191860257
167,-1.5609969015437666,-0.02798657872990345,1.3023630949135134,-0.9736476429753023,-0.6450624879626057,-1.5752633191860257
168,-1.5609969015437666,-0.02798657872990345,1.3023630949135134,-0.9736476429753023,-0.6450624879626057,-1.5752633191860257
169,-1.5609969015437666,-0.02798657872990345,1.3023630949135134,-0.9736476429753023,-0.6450624879626057,-1.5752633191860257
170,-1.5609969015437666,-0.02798657872990345,1.3023630949135134,-0.9736476429753023,-0.6450624879626057,-1.5752633191860257
171,-1.5609969015437666,-0.02798657872990345,1.3023630949135134,-0.9736476429753023,-0.6450624879626057,-1.5752633191860257
172,-1.5609969015437666,-0.02798657872990345,1.3023630949135134,-0.9736476429753023,-0.6450624879626057,-1.5752633191860257
173,-1.5609969015437666,-0.02798657872990345,1.3023630949135134,-0.9736476429753023,1.516891679257141,-1.5752633191860257
174,-1.5609969015437666,-0.02798657872990345,1.3023630949135134,-0.9736476429753023,-0.6450624879626057,-1.5752633191860257
175,-1.5609969015437666,-0.02798657872990345,1.3023630949135134,-0.9736476429753023,-0.6450624879626057,-1.5752633191860257
176,-0.4372551266524922,0.15425657047794342,-0.9159248547292903,-0.4743296090670349,-0.6450624879626057,0.7760309577457363
177,1.0554923158842433,1.610307768634018,0.9214881134909242,0.49625753022861807,1.1156433653898234,0.7760309577457363
178,1.2192814454984398,1.53155948899122,0.6487153967610667,0.49625753022861807,-0.6450624879626057,-0.1368708785191266
179,1.0554923158842433,1.5185311799495147,0.9214881134909242,0.49625753022861807,1.663977751449648,0.6034714679830903
180,-0.2418765861789704,-0.12919335905636797,-0.9159248547292903,-0.8276163223128579,-0.6450624879626057,-0.9156838033300055
181,1.0554923158842433,1.5382789109851567,1.3023630949135134,0.49625753022861807,1.663977751449648,-0.6588459232642572
182,1.2192814454984398,-0.569626847032246,1.3023630949135134,1.3089648494624735,1.516891679257141,0.3939106719684325
183,0.4663576027583041,-0.14177777720902363,0.6487153967610667,0.9123050825696861,-0.6450624879626057,0.03214308753104007
184,0.4663576027583041,0.8366249089913639,-0.9159248547292903,-1.1024111417657179,-0.6450624879626057,-0.6207980647539018
185,0.8985215205696524,-0.5799418234951169,-0.9159248547292903,-0.6620362106468083,-0.6450624879626057,1.6899432421761384
186,-0.4372551266524922,-0.09425394999412197,-0.9159248547292903,-0.020509646266209425,-0.6450624879626057,0.7760309577457363
187,1.2192814454984398,-0.11042196885781616,1.3023630949135134,1.3089648494624735,1.8518217044814775,-0.05358297904931856
188,1.0554923158842433,-0.14671077852518286,-0.9159248547292903,1.3089648494624735,1.516891679257141,-0.6588459232642572
189,0.6041654687355471,1.0865312382262216,-0.9159248547292903,0.9123050825696861,-0.6450624879626057,-0.11579157558517454
190,1.2192814454984398,1.5324438264699827,1.3023630949135134,0.49625753022861807,1.4674312109705496,0.03214308753104007
191,-0.5281045762851672,0.05537644664632937,-0.9159248547292903,-0.4743296090670349,-0.6450624879626057,1.4200290720884439
192,-0.5281045762851672,0.05537644664632937,-0.9159248547292903,-0.4743296090670349,-0.6450624879626057,1.4200290720884439
193,0.4663576027583041,-0.14177777720902363,1.3023630949135134,0.9123050825696861,1.516891679257141,0.03214308753104007
194,-0.4372551266524922,0.4056056584236002,-0.9159248547292903,0.25260940000528104,-0.6450624879626057,0.7760309577457363
195,0.6041654687355471,-0.09445674683233388,-0.9159248547292903,-0.020509646266209425,-0.6450624879626057,-1.3570510123348964
196,1.2192814454984398,1.5349609234745667,1.3023630949135134,0.49625753022861807,1.1156433653898234,1.2917133779513392
197,1.0554923158842433,1.5243212175601424,1.3023630949135134,0.49625753022861807,1.7739012384406487,0.30494183757865073
198,0.6041654687355471,-0.05803695901696832,-0.9159248547292903,-0.4743296090670349,-0.6450624879626057,1.2917133779513392
199,-0.4372551266524922,-0.4598116398079001,-0.9159248547292903,-0.9736476429753023,-0.6450624879626057,0.7760309577457363
200,0.3345227321332346,0.12312089046941929,-0.9159248547292903,-0.6620362106468083,-0.6450624879626057,1.0474177033732552
201,-0.5281045762851672,-0.0785662334537388,-0.9159248547292903,-1.5502224198312786,-0.6450624879626057,1.4200290720884439
202,-0.5281045762851672,0.02755514784268195,0.061285831507066804,0.9123050825696861,-0.6450624879626057,0.7092643182112509
203,1.2192814454984398,1.5483230454338348,1.3023630949135134,0.49625753022861807,0.48535641377843697,-0.7807428859563862
204,-0.5281045762851672,0.02755514784268195,1.3023630949135134,0.9123050825696861,-0.6450624879626057,0.7092643182112509
205,-0.4372551266524922,-0.10757421508134661,-0.9159248547292903,0.25260940000528104,-0.6450624879626057,0.7760309577457363
206,-0.4372551266524922,-0.5701304127928005,-0.9159248547292903,-0.8276163223128579,-0.6450624879626057,0.7760309577457363
207,0.6041654687355471,-0.09557622504352675,-0.9159248547292903,0.561968740846123,-0.6450624879626057,-1.254763114612796
208,0.08797880255382956,-0.05423357386630185,-0.9159248547292903,-1.1024111417657179,-0.6450624879626057,-0.7906351267612033
209,-0.4372551266524922,-0.5715616887050562,-0.9159248547292903,-0.8276163223128579,-0.6450624879626057,0.7760309577457363
210,0.8985215205696524,-0.6845646174788773,0.061285831507066804,0.9123050825696861,-0.6450624879626057,0.7760309577457363
211,-1.6230156605566632,-0.05097030540876693,1.3023630949135134,0.9123050825696861,-0.6450624879626057,-1.2140746465203123
212,-1.6230156605566632,-0.05097030540876693,1.3023630949135134,0.9123050825696861,-0.6450624879626057,-1.2140746465203123
213,-1.6230156605566632,-0.05097030540876693,1.3023630949135134,1.3089648494624735,-0.6450624879626057,-1.2140746465203123
214,-1.6230156605566632,-0.05097030540876693,1.3023630949135134,1.3089648494624735,1.9062435732537415,-1.2140746465203123
215,-1.6230156605566632,-0.05097030540876693,1.3023630949135134,0.9123050825696861,-0.6450624879626057,-1.2140746465203123
216,-1.6230156605566632,1.5212005199369545,-0.9159248547292903,0.49625753022861807,-0.6450624879626057,-1.2140746465203123
217,-1.6230156605566632,-0.05097030540876693,1.3023630949135134,0.9123050825696861,-0.6450624879626057,-1.2140746465203123
218,-1.6230156605566632,-0.05097030540876693,1.3023630949135134,0.9123050825696861,-0.6450624879626057,-1.2140746465203123
219,-1.6230156605566632,-0.05097030540876693,1.3023630949135134,0.9123050825696861,-0.6450624879626057,-1.2140746465203123
220,-1.6230156605566632,-0.05097030540876693,1.3023630949135134,0.9123050825696861,-0.6450624879626057,-1.2140746465203123
221,-1.6230156605566632,-0.05097030540876693,1.3023630949135134,0.9123050825696861,-0.6450624879626057,-1.2140746465203123
222,-1.6230156605566632,1.5212005199369545,-0.9159248547292903,0.49625753022861807,-0.6450624879626057,-1.2140746465203123
223,-1.6230156605566632,1.5212005199369545,-0.9159248547292903,0.49625753022861807,-0.6450624879626057,-1.2140746465203123
224,-1.6230156605566632,-0.05097030540876693,1.3023630949135134,0.9123050825696861,-0.6450624879626057,-1.2140746465203123
225,-1.6230156605566632,1.5212005199369545,-0.9159248547292903,0.49625753022861807,1.4674312109705496,-1.2140746465203123
226,-1.6230156605566632,1.5212005199369545,-0.9159248547292903,0.49625753022861807,1.9062435732537415,-1.2140746465203123
227,-1.6230156605566632,-0.05097030540876693,1.3023630949135134,0.9123050825696861,-0.6450624879626057,-1.2140746465203123
228,-0.2418765861789704,-0.15616432326444382,0.6487153967610667,1.3089648494624735,1.516891679257141,-0.7906351267612033
229,-1.6230156605566632,-0.05097030540876693,1.3023630949135134,1.3089648494624735,-0.6450624879626057,-1.2140746465203123
230,-1.6230156605566632,-0.05097030540876693,1.3023630949135134,0.9123050825696861,-0.6450624879626057,-1.2140746465203123
231,-1.6230156605566632,-0.05097030540876693,1.3023630949135134,0.9123050825696861,-0.6450624879626057,-1.2140746465203123
232,-1.6230156605566632,1.5212005199369545,-0.9159248547292903,0.49625753022861807,-0.6450624879626057,-1.2140746465203123
233,-1.6230156605566632,-0.05097030540876693,1.3023630949135134,0.9123050825696861,-0.6450624879626057,-1.2140746465203123
234,1.2192814454984398,-0.18961564894079047,1.3023630949135134,1.3089648494624735,1.8518217044814775,0.401437420402728
235,-0.4372551266524922,-0.8350461972340668,-0.9159248547292903,-1.1024111417657179,-0.6450624879626057,1.2053341283362053
236,0.3345227321332346,0.3790544720770892,-0.9159248547292903,0.25260940000528104,-0.6450624879626057,0.21130140108800063
237,0.8985215205696524,-0.6849390693120612,0.6487153967610667,0.9123050825696861,1.516891679257141,0.7760309577457363
238,0.6041654687355471,-0.11875634800227157,-0.9159248547292903,-0.26158408015188694,-0.6450624879626057,-1.2140746465203123
239,0.4663576027583041,-0.16584255630665573,1.3023630949135134,1.3089648494624735,-0.6450624879626057,0.8184218777387123
240,0.3345227321332346,0.16850415505263355,-0.9159248547292903,-0.26158408015188694,-0.6450624879626057,0.7092643182112509
241,1.0554923158842433,1.514539943898484,0.6487153967610667,-0.35085583200451625,1.1156433653898234,1.4200290720884439
242,1.0554923158842433,1.1557652563893852,-0.9159248547292903,0.561968740846123,-0.6450624879626057,1.537047747774756
243,1.2192814454984398,1.5401380499920272,1.3023630949135134,0.49625753022861807,1.9062435732537415,-0.7256131961777383
244,1.2192814454984398,0.9592943434743014,1.3023630949135134,0.49625753022861807,1.7739012384406487,0.7760309577457363
245,0.6041654687355471,-0.4523324250100807,-0.09384426513059328,-0.020509646266209425,1.516891679257141,0.05228239144288143
246,1.2192814454984398,-0.1478492382727984,0.6487153967610667,1.3089648494624735,1.516891679257141,1.1675693135823155
247,-0.4372551266524922,0.6117868247078178,-0.9159248547292903,-0.26158408015188694,-0.6450624879626057,0.7760309577457363
248,0.6041654687355471,0.7687215398128818,-0.9159248547292903,-0.4743296090670349,-0.6450624879626057,-0.5307814536199668
249,0.6041654687355471,-0.663142087005885,-0.3594158848495364,-1.2159248038427029,-0.6450624879626057,0.7760309577457363
250,0.6041654687355471,-0.663142087005885,-0.9159248547292903,-1.2159248038427029,-0.6450624879626057,0.7760309577457363
251,0.6041654687355471,-0.663142087005885,-0.9159248547292903,-1.2159248038427029,-0.6450624879626057,0.7760309577457363
252,0.08797880255382956,-0.18134504111350036,-0.9159248547292903,-0.26158408015188694,-0.6450624879626057,-0.7256131961777383
253,1.2192814454984398,1.5666278579561037,1.3023630949135134,0.49625753022861807,1.4674312109705496,0.7760309577457363
254,1.0554923158842433,1.6113264908702822,0.6487153967610667,0.49625753022861807,1.7739012384406487,0.7760309577457363
255,-0.4372551266524922,0.7453668784214219,-0.9159248547292903,-0.4743296090670349,-0.6450624879626057,1.2053341283362053
256,1.2192814454984398,-0.15439397919271888,0.28788857410564644,1.3089648494624735,1.516891679257141,0.03214308753104007
257,-0.02711531932661335,-0.9666034235442164,-0.9159248547292903,-1.1024111417657179,-0.6450624879626057,0.3939106719684325
258,1.2192814454984398,-0.4768753196362775,-0.9159248547292903,0.25260940000528104,-0.6450624879626057,0.7760309577457363
259,0.7481504752612352,-0.1628803876129963,0.6487153967610667,1.3089648494624735,-0.6450624879626057,-0.5198178889772622
260,-0.4372551266524922,0.5012694008756639,-0.9159248547292903,-0.4743296090670349,-0.6450624879626057,1.2053341283362053
261,1.2192814454984398,-0.18334610879732965,1.3023630949135134,1.3089648494624735,1.516891679257141,0.6034714679830903
262,1.0554923158842433,1.140997714363537,1.3023630949135134,0.49625753022861807,1.4674312109705496,0.7760309577457363
263,-0.2418765861789704,-0.1027276240268256,-0.9159248547292903,-1.2159248038427029,-0.6450624879626057,-0.8539725820331627
264,1.2192814454984398,1.540970926700363,1.3023630949135134,0.49625753022861807,1.663977751449648,0.30494183757865073
265,-0.5281045762851672,-0.1997211404772818,-0.9159248547292903,-0.8276163223128579,-0.6450624879626057,0.7092643182112509
266,1.2192814454984398,1.5454883254004548,1.3023630949135134,0.49625753022861807,1.4674312109705496,0.8184218777387123
267,-0.2418765861789704,-0.10664614219931824,-0.9159248547292903,-0.6620362106468083,-0.6450624879626057,-0.8539725820331627
268,1.0554923158842433,-0.34414036959698024,0.28788857410564644,0.561968740846123,-0.6450624879626057,1.1675693135823155
269,-0.5281045762851672,-0.12134603435825506,-0.9159248547292903,-0.9736476429753023,-0.6450624879626057,-1.1473465741601379
270,0.08797880255382956,-0.8860176581757202,1.3023630949135134,1.3089648494624735,1.516891679257141,1.6899432421761384
271,-0.02711531932661335,-0.47053137075561685,-0.9159248547292903,-0.8276163223128579,-0.6450624879626057,0.5009059820953283
272,0.8985215205696524,-1.0395869791337238,-0.9159248547292903,-0.9736476429753023,-0.6450624879626057,0.3939106719684325
273,1.0554923158842433,-0.27764280731878005,-0.9159248547292903,0.9123050825696861,-0.6450624879626057,-0.5307814536199668
274,-0.5281045762851672,-0.1997211404772818,-0.9159248547292903,-0.8276163223128579,-0.6450624879626057,0.7092643182112509
275,-0.5281045762851672,-0.1997211404772818,-0.9159248547292903,-0.8276163223128579,-0.6450624879626057,0.7092643182112509
276,1.2192814454984398,-0.20057957351064068,0.6487153967610667,1.3089648494624735,-0.6450624879626057,1.1675693135823155
277,-0.4372551266524922,0.522964183687247,-0.9159248547292903,-0.4743296090670349,-0.6450624879626057,1.2053341283362053
278,0.7481504752612352,-0.17599704384680112,-0.9159248547292903,0.9123050825696861,-0.6450624879626057,-0.05358297904931856
279,1.0554923158842433,1.1320670809641318,0.6487153967610667,1.3089648494624735,1.516891679257141,1.2053341283362053
280,1.0554923158842433,-0.3513949082653897,0.6487153967610667,0.9123050825696861,1.516891679257141,1.4200290720884383
281,-0.4372551266524922,1.0467353179166938,0.28788857410564644,0.561968740846123,-0.6450624879626057,1.2053341283362053
282,1.0554923158842433,1.6399744547813901,0.6487153967610667,-0.35085583200451625,0.48535641377843697,1.2053341283362053
283,-0.4372551266524922,-0.9569360284943873,0.061285831507066804,0.9123050825696861,-0.6450624879626057,1.2053341283362053
284,1.0554923158842433,-0.35994023255205243,0.6487153967610667,1.3089648494624735,1.516891679257141,-0.2544037805637821
285,-0.4372551266524922,-0.6556518447720302,-0.9159248547292903,0.561968740846123,-0.6450624879626057,0.7760309577457363
286,1.2192814454984398,-0.6638272387439166,-0.9159248547292903,-0.8276163223128579,-0.6450624879626057,0.7760309577457363
287,-0.2418765861789704,-0.12701283932866778,-0.9159248547292903,-0.020509646266209425,-0.6450624879626057,-0.8539725820331627
288,1.2192814454984398,1.583934211177497,1.3023630949135134,0.49625753022861807,1.7739012384406487,0.05228239144288143
289,1.0554923158842433,1.638196381333621,1.3023630949135134,0.49625753022861807,1.9062435732537415,1.2053341283362053
290,1.2192814454984398,1.6403390779454974,1.3023630949135134,0.49625753022861807,0.48535641377843697,1.2053341283362053
291,1.0554923158842433,1.6400268892803036,0.9214881134909242,-0.35085583200451625,0.48535641377843697,1.2053341283362053
292,-0.02711531932661335,-0.18671730672405495,-0.9159248547292903,0.25260940000528104,-0.6450624879626057,1.6899432421761384
293,0.8985215205696524,-0.6873507144758914,0.28788857410564644,0.9123050825696861,-0.6450624879626057,0.7760309577457363
294,-0.4372551266524922,-0.6594604114716173,0.28788857410564644,0.561968740846123,-0.6450624879626057,0.7760309577457363
295,-0.4372551266524922,-0.6594604114716173,-0.9159248547292903,0.561968740846123,-0.6450624879626057,0.7760309577457363
296,0.4663576027583041,-0.2933734610196542,-0.9159248547292903,0.9123050825696861,-0.6450624879626057,-0.37300592108573427
297,1.0554923158842433,-0.9586241899157625,-0.9159248547292903,1.3089648494624735,1.516891679257141,1.2053341283362053
298,0.08797880255382956,-0.9686382377745395,-0.9159248547292903,-0.020509646266209425,-0.6450624879626057,1.2053341283362053
299,0.08797880255382956,-0.9686382377745395,-0.9159248547292903,-0.020509646266209425,-0.6450624879626057,1.2053341283362053
300,0.08797880255382956,-0.9686382377745395,-0.9159248547292903,-0.020509646266209425,-0.6450624879626057,1.2053341283362053
301,0.08797880255382956,-0.9686382377745395,-0.9159248547292903,-0.020509646266209425,-0.6450624879626057,1.2053341283362053
302,0.08797880255382956,-0.9686382377745395,-0.9159248547292903,0.25260940000528104,1.516891679257141,1.2053341283362053
303,0.08797880255382956,-0.9686382377745395,-0.9159248547292903,0.25260940000528104,-0.6450624879626057,1.2053341283362053
304,1.2192814454984398,-0.2130640425458903,-0.9159248547292903,0.9123050825696861,-0.6450624879626057,1.4200290720884439
305,-0.4372551266524922,-0.919064272955405,0.28788857410564644,0.9123050825696861,-0.6450624879626057,1.2053341283362053
306,1.2192814454984398,1.60894439466676,1.3023630949135134,0.49625753022861807,1.869927880734999,0.7760309577457363
307,-0.5281045762851672,-0.2902790700384686,-0.9159248547292903,0.25260940000528104,-0.6450624879626057,-0.6588459232642572
308,0.08797880255382956,-0.6906381908037762,-0.9159248547292903,-1.3159735854368142,-0.6450624879626057,0.7760309577457363
309,1.0554923158842433,-1.1269110957328208,0.6487153967610667,1.3089648494624735,1.516891679257141,0.3939106719684325
310,1.2192814454984398,-1.1290408674101584,0.9214881134909242,1.3089648494624735,-0.6450624879626057,0.3939106719684325
311,1.0554923158842433,-0.665724272687317,0.28788857410564644,1.3089648494624735,1.516891679257141,0.7760309577457363
312,1.2192814454984398,-0.6646703300395493,0.28788857410564644,0.561968740846123,-0.6450624879626057,0.7760309577457363
313,-0.4372551266524922,-0.3436277539565325,-0.9159248547292903,-0.020509646266209425,-0.6450624879626057,1.2053341283362053
314,0.8985215205696524,-0.3900487413928626,1.3023630949135134,-0.4743296090670349,-0.6450624879626057,0.05228239144288143
315,0.8985215205696524,-0.3900487413928626,1.3023630949135134,-0.4743296090670349,-0.6450624879626057,0.05228239144288143
316,0.3345227321332346,-0.137120515640427,-0.9159248547292903,-0.4743296090670349,-0.6450624879626057,-0.44742093524783233
317,0.08797880255382956,-0.6652074909281862,-0.9159248547292903,0.561968740846123,-0.6450624879626057,0.7760309577457363
318,-0.4372551266524922,-0.9813001951260771,0.9214881134909242,0.9123050825696861,-0.6450624879626057,1.2053341283362053
319,1.0554923158842433,1.5572453154044468,1.3023630949135134,0.49625753022861807,1.9062435732537415,0.7760309577457363
320,0.3345227321332346,-0.6726368668518088,-0.9159248547292903,0.561968740846123,-0.6450624879626057,0.7760309577457363
321,-0.02711531932661335,0.9930199137597353,-0.9159248547292903,0.25260940000528104,-0.6450624879626057,0.7760309577457363
322,1.2192814454984398,1.5893344267144325,1.3023630949135134,0.49625753022861807,1.8892739884782512,1.552705672427821
323,-0.4372551266524922,-0.6970043696832476,-0.9159248547292903,-0.4743296090670349,-0.6450624879626057,0.7760309577457363
324,1.0554923158842433,1.6201039595754474,1.3023630949135134,0.49625753022861807,1.869927880734999,1.6899432421761384
325,0.8985215205696524,-1.0485219791985199,-0.9159248547292903,-0.020509646266209425,-0.6450624879626057,0.3939106719684325
326,1.2192814454984398,-0.9691515672376065,-0.4954202176053772,0.9123050825696861,-0.6450624879626057,1.2053341283362053
327,0.3345227321332346,-0.14414053029779975,-0.9159248547292903,0.9123050825696861,-0.6450624879626057,0.6034714679830903
328,0.6041654687355471,1.008175157487088,0.28788857410564644,0.9123050825696861,1.516891679257141,1.2053341283362053
329,1.2192814454984398,1.6403476007247557,1.3023630949135134,0.49625753022861807,1.9062435732537415,1.2053341283362053
330,0.8985215205696524,-1.0496072171550472,-0.9159248547292903,-0.020509646266209425,-0.6450624879626057,0.401437420402728
331,0.3345227321332346,-0.8689435082749755,-0.9159248547292903,0.25260940000528104,-0.6450624879626057,1.2917133779513392
332,1.0554923158842433,-1.091205488451672,-0.9159248547292903,1.3089648494624735,1.516891679257141,0.3939106719684325
333,1.0554923158842433,1.6495456514039892,1.3023630949135134,0.49625753022861807,1.869927880734999,0.3939106719684325
334,1.2192814454984398,1.5976229075704549,1.3023630949135134,0.49625753022861807,1.869927880734999,0.7760309577457363
335,-0.9875200821695892,-1.1208338451971034,-0.9159248547292903,-1.8192630488631556,-0.6450624879626057,0.3939106719684325
336,1.0554923158842433,1.6526572252386396,1.3023630949135134,0.49625753022861807,1.4674312109705496,0.3939106719684325
337,0.8985215205696524,-0.6966104480416688,-0.9159248547292903,-1.2159248038427029,-0.6450624879626057,0.7760309577457363
338,-0.6146142769693566,-0.573534106898606,0.6487153967610667,1.3089648494624735,1.516891679257141,0.7760309577457363
339,-0.4372551266524922,1.6029559736892016,1.3023630949135134,0.49625753022861807,1.869927880734999,0.7760309577457363
340,-0.4372551266524922,-0.5037470690076836,-0.9159248547292903,-0.4743296090670349,-0.6450624879626057,0.05228239144288143
341,-0.4372551266524922,-0.9846543436057432,1.3023630949135134,1.3089648494624735,1.516891679257141,1.2053341283362053
342,-0.920392059380289,1.1560667252706787,1.3023630949135134,1.3089648494624735,1.516891679257141,-1.2862128329028193
343,-0.1370066906843994,-0.6545928633175895,0.6487153967610667,0.9123050825696861,-0.6450624879626057,0.7760309577457363
344,-0.4372551266524922,-0.6102275338244159,-0.9159248547292903,0.9123050825696861,-0.6450624879626057,0.7760309577457363
345,-0.4372551266524922,-0.6102275338244159,-0.9159248547292903,0.9123050825696861,-0.6450624879626057,0.7760309577457363
346,-0.4372551266524922,-0.6102275338244159,-0.9159248547292903,0.9123050825696861,-0.6450624879626057,0.7760309577457363
347,-0.4372551266524922,-0.6102275338244159,-0.9159248547292903,0.9123050825696861,-0.6450624879626057,0.7760309577457363
348,-0.4372551266524922,-0.6102275338244159,-0.9159248547292903,0.9123050825696861,-0.6450624879626057,0.7760309577457363
349,-0.4372551266524922,-0.6102275338244159,-0.9159248547292903,0.9123050825696861,-0.6450624879626057,0.7760309577457363
350,-0.4372551266524922,-0.6102275338244159,-0.9159248547292903,1.3089648494624735,1.8518217044814775,0.7760309577457363
351,-0.4372551266524922,-0.6102275338244159,-0.9159248547292903,0.9123050825696861,-0.6450624879626057,0.7760309577457363
352,0.08797880255382956,-0.6681236013190357,0.28788857410564644,0.561968740846123,-0.6450624879626057,0.7760309577457363
353,0.3345227321332346,-0.6971038509880136,0.6487153967610667,1.3089648494624735,1.516891679257141,1.6899432421761384
354,0.08797880255382956,-0.6681236013190357,-0.9159248547292903,0.561968740846123,1.516891679257141,0.7760309577457363
355,-1.9048168853962317,-1.1290990480477185,1.3023630949135134,0.9123050825696861,-0.6450624879626057,0.3939106719684325
356,0.3345227321332346,-0.16831870546187963,-0.9159248547292903,0.25260940000528104,-0.6450624879626057,0.6034714679830903
357,1.2192814454984398,-1.0956643634320005,0.28788857410564644,1.3089648494624735,-0.6450624879626057,0.5009059820953283
358,-0.4372551266524922,-0.9868932523487411,-0.9159248547292903,-0.9736476429753023,-0.6450624879626057,1.2053341283362053
359,-0.4372551266524922,-0.4646188186823452,-0.9159248547292903,-1.4818077005755406,-0.6450624879626057,0.05228239144288143
360,-0.920392059380289,0.1567663988479246,0.28788857410564644,0.9123050825696861,1.516891679257141,0.12040403497940012
361,1.2192814454984398,-0.9476978913628916,-0.9159248547292903,-0.26158408015188694,-0.6450624879626057,1.552705672427821
362,-0.4372551266524922,-0.6711112269160199,-0.9159248547292903,-0.8276163223128579,-0.6450624879626057,0.7760309577457363
363,0.7481504752612352,-0.33470690451796364,0.6487153967610667,1.3089648494624735,-0.6450624879626057,-0.44742093524783233
364,-0.920392059380289,-0.9451477086822626,-0.9159248547292903,-0.020509646266209425,-0.6450624879626057,0.8184218777387091
365,-0.6146142769693566,-0.7087818407215423,-0.9159248547292903,-0.9736476429753023,-0.6450624879626057,0.7760309577457363
366,1.2192814454984398,1.6393201903852566,1.3023630949135134,0.49625753022861807,1.869927880734999,1.2053341283362053
367,-0.920392059380289,-0.8214673533256626,-0.9159248547292903,0.25260940000528104,-0.6450624879626057,0.8184218777387091
368,1.0554923158842433,-0.993404602048265,-0.9159248547292903,-1.1024111417657179,-0.6450624879626057,1.2053341283362053
369,-0.4372551266524922,-0.6734806322524327,-0.9159248547292903,-1.5502224198312786,-0.6450624879626057,0.7760309577457363
370,1.2192814454984398,1.6521174939920258,1.3023630949135134,0.49625753022861807,1.7739012384406487,0.5009059820953283
371,1.2192814454984398,1.5479890050994427,1.3023630949135134,0.49625753022861807,1.869927880734999,1.552705672427821
372,-0.4372551266524922,-0.9911323247727947,-0.9159248547292903,-1.2159248038427029,-0.6450624879626057,1.2053341283362053
373,1.0554923158842433,-0.2096018882006343,0.061285831507066804,1.3089648494624735,1.516891679257141,1.4200290720884439
374,-0.6146142769693566,-0.5992857244418683,-0.9159248547292903,-1.5502224198312786,-0.6450624879626057,0.05228239144288143
375,1.0554923158842433,-0.9960001660616474,-0.9159248547292903,0.25260940000528104,-0.6450624879626057,1.2053341283362053
376,1.2192814454984398,1.6148392760493064,1.3023630949135134,0.49625753022861807,1.90013738230375,0.7760309577457363
377,0.3345227321332346,-0.9887563573066719,-0.9159248547292903,0.25260940000528104,-0.6450624879626057,1.6899432421761384
378,-0.6146142769693566,-0.9360541800160769,-0.9159248547292903,-1.8472358995557179,-0.6450624879626057,1.2053341283362053
379,-0.6146142769693566,-0.9360541800160769,-0.9159248547292903,-1.8472358995557179,-0.6450624879626057,1.2053341283362053
380,-0.6146142769693566,-0.9360541800160769,-0.9159248547292903,-1.8472358995557179,-0.6450624879626057,1.2053341283362053
381,-0.6146142769693566,-0.9360541800160769,-0.9159248547292903,-1.8472358995557179,-0.6450624879626057,1.2053341283362053
382,-0.6146142769693566,-0.9360541800160769,-0.9159248547292903,-1.8472358995557179,-0.6450624879626057,1.2053341283362053
383,-0.6146142769693566,-0.9360541800160769,-0.9159248547292903,-1.8472358995557179,-0.6450624879626057,1.2053341283362053
384,-0.6146142769693566,-0.9360541800160769,-0.9159248547292903,-1.8472358995557179,-0.6450624879626057,1.2053341283362053
385,-0.6146142769693566,-0.9360541800160769,-0.9159248547292903,-1.8472358995557179,-0.6450624879626057,1.2053341283362053
386,-0.6146142769693566,-0.9368787357490397,-0.9159248547292903,-0.9736476429753023,-0.6450624879626057,1.2053341283362053
387,-0.6146142769693566,-0.9360541800160769,-0.9159248547292903,-1.8472358995557179,-0.6450624879626057,1.2053341283362053
388,-0.6146142769693566,-0.9360541800160769,-0.9159248547292903,-1.8472358995557179,-0.6450624879626057,1.2053341283362053
389,-0.1370066906843994,-0.5562349095698454,-0.9159248547292903,-0.020509646266209425,-0.6450624879626057,1.4200290720884439
390,-0.6146142769693566,-0.9400618152899839,-0.9159248547292903,-0.9736476429753023,-0.6450624879626057,1.2053341283362053
391,-0.1370066906843994,-0.7598072606638435,-0.9159248547292903,-1.4818077005755406,-0.6450624879626057,0.7760309577457363
392,-0.1370066906843994,-0.7631761875630949,-0.9159248547292903,-1.5502224198312786,-0.6450624879626057,0.7760309577457363
393,1.0554923158842433,-0.24202182965378233,-0.9159248547292903,0.9123050825696861,-0.6450624879626057,0.6034714679830903
394,-0.1370066906843994,-0.7700719921898697,-0.9159248547292903,-0.9736476429753023,-0.6450624879626057,0.7760309577457363
395,-1.9048168853962317,-1.136954248878126,0.061285831507066804,0.9123050825696861,1.516891679257141,0.5009059820953283
396,-0.02711531932661335,-0.8835780123561419,1.3023630949135134,1.3089648494624735,-0.6450624879626057,0.3939106719684325
397,1.0554923158842433,1.6651644947726534,1.3023630949135134,0.49625753022861807,1.8354408252014338,-0.9758245404935708
398,1.0554923158842433,-1.2953688436198267,-0.9159248547292903,1.3089648494624735,1.516891679257141,-0.6588459232642572
399,-0.02711531932661335,-1.0523242517021505,-0.9159248547292903,-0.4743296090670349,-0.6450624879626057,0.3939106719684325
400,1.0554923158842433,1.665274868053399,1.3023630949135134,0.49625753022861807,1.9062435732537415,-0.6588459232642572
401,-0.9875200821695892,-1.2213676502169055,-0.9159248547292903,-0.4743296090670349,-0.6450624879626057,-0.2544037805637821
402,-0.920392059380289,-1.3125474966310886,-0.9159248547292903,-1.2159248038427029,-0.6450624879626057,-0.1368708785191266
403,-0.920392059380289,-1.3039074870696317,-0.9159248547292903,-0.4743296090670349,-0.6450624879626057,1.1675693135823155
404,-1.9048168853962317,-1.1358673262470198,-0.9159248547292903,-1.2159248038427029,-0.6450624879626057,0.3939106719684325
405,-0.6146142769693566,-1.0173537353213717,-0.9159248547292903,-1.3159735854368142,-0.6450624879626057,1.2053341283362053
406,0.3345227321332346,-1.002717448476058,0.6487153967610667,0.9123050825696861,-0.6450624879626057,1.2053341283362053
407,-0.9875200821695892,-1.1011150025525906,-0.9159248547292903,-2.024071379302292,-0.6450624879626057,0.3939106719684325
408,-0.9875200821695892,-1.1011150025525906,-0.9159248547292903,-2.024071379302292,-0.6450624879626057,0.3939106719684325
409,-0.9875200821695892,-1.1011150025525906,-0.9159248547292903,-2.024071379302292,-0.6450624879626057,0.3939106719684325
410,-0.9875200821695892,-1.1011150025525906,-0.9159248547292903,-2.024071379302292,-0.6450624879626057,0.3939106719684325
411,-0.9875200821695892,-1.1011150025525906,-0.9159248547292903,-2.024071379302292,-0.6450624879626057,0.3939106719684325
412,-0.9875200821695892,-1.1011150025525906,-0.9159248547292903,-2.024071379302292,-0.6450624879626057,0.3939106719684325
413,-0.9875200821695892,-1.1011150025525906,-0.9159248547292903,-2.024071379302292,-0.6450624879626057,0.3939106719684325
414,-1.9048168853962317,-1.1412339146914525,-0.9159248547292903,-0.26158408015188694,-0.6450624879626057,1.0474177033732552
415,-0.9875200821695892,-1.1011150025525906,-0.9159248547292903,-2.024071379302292,-0.6450624879626057,0.3939106719684325
416,-0.9875200821695892,-1.1011150025525906,-0.9159248547292903,-2.024071379302292,-0.6450624879626057,0.3939106719684325
417,-0.9875200821695892,-1.1011150025525906,-0.9159248547292903,-2.024071379302292,-0.6450624879626057,0.3939106719684325
418,-0.9875200821695892,-1.1011150025525906,-0.9159248547292903,-2.024071379302292,-0.6450624879626057,0.3939106719684325
419,-0.9875200821695892,-1.1011150025525906,-0.9159248547292903,-2.024071379302292,-0.6450624879626057,0.3939106719684325
420,-0.9875200821695892,-1.1240583539160154,-0.9159248547292903,-1.1024111417657179,-0.6450624879626057,0.3939106719684325
421,0.08797880255382956,-1.2939588501855797,-0.2065979030412918,0.25260940000528104,-0.6450624879626057,-0.8539725820331627
422,-1.9048168853962317,-1.1245316045931302,-0.9159248547292903,-1.2159248038427029,-0.6450624879626057,0.3939106719684325
423,0.08797880255382956,-1.2939588501855797,1.3023630949135134,0.25260940000528104,-0.6450624879626057,-0.8539725820331627
424,0.08797880255382956,-1.2939588501855797,1.3023630949135134,0.25260940000528104,-0.6450624879626057,-0.8539725820331627
425,-0.1370066906843994,-1.0239572625292053,-0.9159248547292903,-1.7513009796111563,-0.6450624879626057,1.2053341283362053
426,0.6041654687355471,-1.144454345478015,-0.9159248547292903,-0.6620362106468083,-0.6450624879626057,0.5009059820953232
427,0.08797880255382956,-1.312890648420804,-0.9159248547292903,-1.7102083486852429,-0.6450624879626057,-0.8539725820331627
428,-0.6146142769693566,-1.0410758500613384,-0.9159248547292903,-1.9438293660381643,-0.6450624879626057,1.2053341283362053
429,-1.9048168853962317,-1.3135138434439677,-0.9159248547292903,0.561968740846123,-0.6450624879626057,-0.5198178889772622
430,-1.9048168853962317,-1.140169069889439,-0.9159248547292903,-0.26158408015188694,-0.6450624879626057,0.5009059820953283
431,-0.1370066906843994,-0.5328630445467252,-0.9159248547292903,-0.020509646266209425,-0.6450624879626057,1.4200290720884439
432,-0.1370066906843994,-0.5328630445467252,-0.9159248547292903,-0.020509646266209425,-0.6450624879626057,1.4200290720884439
433,1.2192814454984398,1.6528161658861793,1.3023630949135134,0.49625753022861807,1.9062435732537415,0.3939106719684325
434,-0.6146142769693566,-1.0381139311378835,-0.9159248547292903,-1.7102083486852429,-0.6450624879626057,1.2053341283362053
435,1.0554923158842433,-0.9831649587817145,-0.9159248547292903,1.3089648494624735,1.516891679257141,1.2053341283362053
436,1.2192814454984398,-1.1442080761823095,0.6487153967610667,1.3089648494624735,1.516891679257141,0.3939106719684325
437,0.08797880255382956,-1.2940905445436512,-0.9159248547292903,-0.4743296090670349,-0.6450624879626057,-0.7256131961777383
438,-0.1370066906843994,-1.0198219585273598,-0.9159248547292903,-1.7102083486852429,-0.6450624879626057,1.4200290720884439
439,-0.920392059380289,-1.1219286678134708,-0.9159248547292903,-0.26158408015188694,-0.6450624879626057,-0.29469167711022665
440,1.2192814454984398,-1.2099646710242065,-0.9159248547292903,0.9123050825696861,-0.6450624879626057,-0.2544037805637821
441,-1.9048168853962317,-1.145286209609105,-0.9159248547292903,-0.9736476429753023,-0.6450624879626057,1.1675693135823155
442,-0.6146142769693566,-0.8353765632450474,-0.9159248547292903,-0.4743296090670349,-0.6450624879626057,0.7760309577457363
443,-0.1370066906843994,-0.7302468773993811,-0.9159248547292903,-0.26158408015188694,-0.6450624879626057,1.4200290720884439
444,-0.6146142769693566,-0.8353765632450474,-0.9159248547292903,-0.4743296090670349,-0.6450624879626057,0.7760309577457363
445,-0.920392059380289,-1.2518651541846346,-0.9159248547292903,-0.9736476429753023,-0.6450624879626057,-0.6207980647539018
446,-1.9048168853962317,-1.2961803651648525,-0.9159248547292903,-1.4818077005755406,-0.6450624879626057,0.03214308753104007
447,0.08797880255382956,-1.3129721182074094,-0.9159248547292903,-1.3159735854368142,-0.6450624879626057,-0.6588459232642572
448,0.08797880255382956,-1.3129721182074094,-0.9159248547292903,-1.3159735854368142,-0.6450624879626057,-0.6588459232642572
449,-0.920392059380289,-1.3063201670109716,-0.9159248547292903,0.25260940000528104,-0.6450624879626057,0.12040403497940012
450,-1.9048168853962317,-1.1491165686078435,-0.9159248547292903,-1.8718322732130932,-0.6450624879626057,1.6899432421761384
451,-1.9048168853962317,-1.31369385728135,-0.9159248547292903,-1.6635154478180771,-0.6450624879626057,-0.1368708785191266
452,-1.9048168853962317,-1.296521630136391,-0.9159248547292903,-1.7102083486852429,-0.6450624879626057,0.30494183757865073
453,-1.9048168853962317,-1.3130351463891696,-0.9159248547292903,-1.3159735854368142,-0.6450624879626057,-0.5198178889772622
454,-0.6146142769693566,-1.2906442038514732,1.3023630949135134,0.25260940000528104,-0.6450624879626057,-0.9758245404935708
455,-0.6146142769693566,-1.2906442038514732,1.3023630949135134,0.25260940000528104,-0.6450624879626057,-0.9758245404935708
456,-0.6146142769693566,-1.2906442038514732,1.3023630949135134,0.25260940000528104,-0.6450624879626057,-0.9758245404935708
457,-0.6146142769693566,-1.2906442038514732,1.3023630949135134,0.25260940000528104,-0.6450624879626057,-0.9758245404935708
458,-0.6146142769693566,-1.2906442038514732,1.3023630949135134,0.25260940000528104,-0.6450624879626057,-0.9758245404935708
459,-0.6146142769693566,-1.2906442038514732,1.3023630949135134,0.25260940000528104,-0.6450624879626057,-0.9758245404935708
460,-0.6146142769693566,-1.2906442038514732,1.3023630949135134,0.25260940000528104,-0.6450624879626057,-0.9758245404935708
461,-0.6146142769693566,-1.2906442038514732,1.3023630949135134,0.561968740846123,-0.6450624879626057,-0.9758245404935708
462,-0.6146142769693566,-1.2906442038514732,1.3023630949135134,0.25260940000528104,-0.6450624879626057,-0.9758245404935708
463,-0.6146142769693566,1.6649323485482121,-0.9159248547292903,0.49625753022861807,1.9062435732537415,-0.9758245404935708
464,-0.6146142769693566,-1.2906442038514732,1.3023630949135134,0.561968740846123,-0.6450624879626057,-0.9758245404935708
465,-0.6146142769693566,-1.2906442038514732,1.3023630949135134,0.561968740846123,-0.6450624879626057,-0.9758245404935708
466,-0.920392059380289,-1.2974571622114233,-0.9159248547292903,-0.9736476429753023,-0.6450624879626057,0.5009059820953232
467,-1.9048168853962317,-1.3140795690522113,-0.9159248547292903,-1.1024111417657179,-0.6450624879626057,1.0474177033732552
468,-1.9048168853962317,-1.298044951877785,-0.9159248547292903,-1.2159248038427029,-0.6450624879626057,1.4200290720884439
469,1.2192814454984398,1.6658437670179496,1.24332897386544,0.49625753022861807,-0.6450624879626057,-0.9156838033300055
470,-0.6146142769693566,-0.7938777449861718,-0.9159248547292903,-1.7102083486852429,-0.6450624879626057,0.7760309577457363
471,-0.920392059380289,-1.314124800952555,-0.9159248547292903,-0.4743296090670349,-0.6450624879626057,0.7092643182112509
472,-1.9048168853962317,-1.3140112042558323,-0.9159248547292903,-1.893454974237212,-0.6450624879626057,0.5009059820953283
473,-1.9048168853962317,-1.3140624404247194,-0.9159248547292903,-1.9438293660381643,-0.6450624879626057,0.6034714679830903
474,-0.6146142769693566,-1.0860030644968812,-0.9159248547292903,-1.4818077005755406,-0.6450624879626057,1.2053341283362053
475,-1.9048168853962317,-1.2950068902957745,-0.9159248547292903,-1.3159735854368142,-0.6450624879626057,0.03214308753104007
476,1.2192814454984398,1.6672505142440162,1.3023630949135134,0.49625753022861807,1.9062435732537415,1.552705672427827
477,-0.920392059380289,-1.313691373545524,-0.9159248547292903,-1.8192630488631556,-0.6450624879626057,-0.37300592108573427
478,-0.6146142769693566,-1.3116172211393675,1.3023630949135134,-0.020509646266209425,-0.6450624879626057,-0.8539725820331627
479,-0.6146142769693566,-1.3116172211393675,1.3023630949135134,-0.020509646266209425,-0.6450624879626057,-0.8539725820331627
480,-0.6146142769693566,-1.3116172211393675,1.3023630949135134,-0.26158408015188694,-0.6450624879626057,-0.8539725820331627
481,-0.6146142769693566,-1.3116172211393675,1.3023630949135134,-0.020509646266209425,1.516891679257141,-0.8539725820331627
482,-0.6146142769693566,-1.3116172211393675,1.3023630949135134,-0.26158408015188694,-0.6450624879626057,-0.8539725820331627
483,-0.6146142769693566,-1.3116172211393675,1.3023630949135134,-0.26158408015188694,-0.6450624879626057,-0.8539725820331627
484,-0.6146142769693566,-1.3116172211393675,1.3023630949135134,-0.26158408015188694,-0.6450624879626057,-0.8539725820331627
485,-0.6146142769693566,-1.3116172211393675,1.3023630949135134,-0.26158408015188694,-0.6450624879626057,-0.8539725820331627
486,-1.9048168853962317,-1.31458827619554,-0.9159248547292903,-0.4743296090670349,-0.6450624879626057,1.2917133779513392
487,-0.920392059380289,-1.3002976692637256,-0.9159248547292903,0.9123050825696861,-0.6450624879626057,-1.0075763202971717
488,-1.9048168853962317,-1.3144594156022398,-0.9159248547292903,-1.4041359986639363,-0.6450624879626057,1.4200290720884383
489,-1.9048168853962317,-1.2957513336750002,-0.9159248547292903,-1.7874571843648337,-0.6450624879626057,0.6034714679830903
490,-1.9048168853962317,-1.30070937519244,-0.9159248547292903,-2.0205940889854483,-0.6450624879626057,0.12040403497940012
491,-1.9048168853962317,-1.16644294997736,-0.9159248547292903,-2.012099102465184,-0.6450624879626057,0.3939106719684325
492,-1.9048168853962317,-1.3019167470377406,-0.9159248547292903,-2.024071379302292,-0.6450624879626057,-0.37300592108573427
493,-1.9048168853962317,-1.3173855463964437,-0.9159248547292903,-0.4743296090670349,-0.6450624879626057,-1.4026220099986861
494,-1.9048168853962317,-1.3177061306898676,-0.9159248547292903,-0.8276163223128579,-0.6450624879626057,-1.4026220099986861
495,-1.9048168853962317,-1.3172114000677124,-0.9159248547292903,-0.9736476429753023,-0.6450624879626057,-1.4026220099986861
496,-1.9048168853962317,-1.3253638094290476,-0.9159248547292903,-1.3159735854368142,-0.6450624879626057,0.12040403497940012
497,-1.9048168853962317,-1.325368395882566,-0.9159248547292903,-1.9943347058928864,-0.6450624879626057,0.30494183757865073
498,-1.9048168853962317,-1.325368395882566,-0.9159248547292903,-1.9943347058928864,-0.6450624879626057,0.30494183757865073
499,-1.9048168853962317,-1.3253689119311876,-0.9159248547292903,-2.0010475718236225,-0.6450624879626057,0.5009059820953283
500,-1.9048168853962317,-1.3253690224220915,-0.9159248547292903,-2.006935650892936,-0.6450624879626057,-0.6588459232642572
501,0.6041654687355471,0.9249615458411486,1.3023630949135134,0.49625753022861807,-0.6450624879626057,-1.3570510123348964
502,0.4663576027583041,0.9250723000113211,-0.9159248547292903,-1.550942812800195,-0.6450624879626057,1.537047747774756
503,0.6041654687355471,0.9249615458454722,-0.9159248547292903,-0.918399887543799,-0.6450624879626057,-0.7696530309770118
504,1.2192814454984398,1.1560667252710066,1.3023630949135134,1.3089648494624735,1.9062435732537415,-1.5752633191860257
505,0.6041654687355471,0.9249626419959314,0.6487153967610667,0.49625753022861807,1.1156433653898234,0.7293137082209589
506,0.6041654687355471,0.9249615458411486,0.9214881134909242,0.49625753022861807,0.48535641377843697,-1.5752633191860257
507,0.4663576027583041,0.9252485815610454,-0.9159248547292903,-1.550942812800195,-0.6450624879626057,1.2479428724843256
508,0.7481504752612352,0.8341584241950254,-0.9159248547292903,0.25260940000528104,-0.6450624879626057,-0.7696530309770118
509,0.8985215205696524,0.9252630713239895,0.6487153967610667,-0.918399887543799,0.48535641377843697,1.4200290720884439
510,0.6041654687355471,1.0630209515933235,0.9214881134909242,-0.35085583200451625,0.48535641377843697,-0.21781277160256995
511,1.0554923158842433,1.5361784069342104,-0.9159248547292903,0.49625753022861807,0.48535641377843697,-1.2140746465203123
512,0.7481504752612352,0.8321510951816072,-0.9159248547292903,0.25260940000528104,-0.6450624879626057,-0.6588459232642572
513,0.7481504752612352,0.8305812928632772,0.28788857410564644,0.561968740846123,1.8518217044814775,-0.5198178889772622
514,1.0554923158842433,1.0873980307520774,0.6487153967610667,0.9123050825696861,1.8518217044814775,0.03214308753104007
515,0.4663576027583041,0.9485690648904717,0.6487153967610667,-0.35085583200451625,-0.6450624879626057,0.30494183757865073
516,1.0554923158842433,0.012930097209435923,1.3023630949135134,0.9123050825696861,1.9042502829286425,-1.2140746465203123
517,0.8985215205696524,1.5228114504402472,-0.9159248547292903,-1.550942812800195,-0.6450624879626057,-1.4026220099986861
518,0.6041654687355471,0.9249615458739429,-0.9159248547292903,-0.918399887543799,-0.6450624879626057,-0.6207980647539018
519,0.4663576027583041,1.309753193732774,-0.9159248547292903,-1.550942812800195,0.48535641377843697,-0.1368708785191266
520,0.4663576027583041,1.3125606563787071,-0.9159248547292903,-1.2978272669541804,0.48535641377843697,-0.5198178889772622
521,0.6041654687355471,1.2292747634351802,-0.9159248547292903,-0.918399887543799,-0.6450624879626057,0.5009059820953283
522,0.6041654687355471,1.2301572012234498,0.28788857410564644,-0.35085583200451625,-0.6450624879626057,0.6034714679830903
523,0.6041654687355471,1.0703291175321703,1.3023630949135134,0.49625753022861807,0.48535641377843697,0.401437420402728
524,0.4663576027583041,1.3207742985560558,-0.9159248547292903,-0.35085583200451625,-0.6450624879626057,0.8184218777387123
525,1.0554923158842433,0.4782831878457219,1.3023630949135134,1.3089648494624735,1.9062435732537415,-0.5198178889772622
526,1.0554923158842433,-0.10870019779973826,1.3023630949135134,0.9123050825696861,1.8518217044814775,-1.501571090397703
527,0.7481504752612352,1.5224228799926143,-0.9159248547292903,0.49625753022861807,1.1156433653898234,-1.254763114612796
528,0.20846140488164522,1.1139292833280088,0.6487153967610667,0.9123050825696861,-0.6450624879626057,0.12040403497940012
529,0.8985215205696524,1.1560558068571758,-0.9159248547292903,0.9123050825696861,-0.6450624879626057,1.2479428724843256
530,1.0554923158842433,1.5053700493703015,1.3023630949135134,0.49625753022861807,1.1156433653898234,-0.9156838033300055
531,0.8985215205696524,1.5268883159708884,-0.9159248547292903,-1.2978272669541804,0.48535641377843697,-1.2140746465203123
532,0.8985215205696524,1.5318497385621674,1.3023630949135134,-0.35085583200451625,-0.6450624879626057,-1.3570510123348964
533,1.0554923158842433,0.2944543714054547,1.3023630949135134,1.3089648494624735,1.9042502829286425,-0.5198178889772622
534,0.8985215205696524,-0.10960846255478253,-0.9159248547292903,1.3089648494624735,1.8518217044814775,-1.3570510123348964
535,1.0554923158842433,0.024327664825146693,0.6487153967610667,1.3089648494624735,1.516891679257141,-0.6588459232642572
536,0.8985215205696524,1.5268883159708884,-0.9159248547292903,-1.2978272669541804,-0.6450624879626057,-1.2140746465203123
537,-0.02711531932661335,1.4806051409585859,0.28788857410564644,-0.918399887543799,-0.6450624879626057,-0.21781277160256995
538,1.0554923158842433,1.506567380543707,-0.9159248547292903,0.49625753022861807,0.48535641377843697,-0.6588459232642572
539,-0.02711531932661335,1.4428700163665364,-0.9159248547292903,-0.918399887543799,-0.6450624879626057,0.30494183757865073
540,0.3345227321332346,1.5292578575458513,1.3023630949135134,-0.35085583200451625,0.48535641377843697,-1.5752633191860257
541,0.8985215205696524,1.5072871558193461,1.3023630949135134,0.49625753022861807,0.48535641377843697,-0.5198178889772622
542,0.8985215205696524,0.6274903436976655,-0.9159248547292903,-0.26158408015188694,-0.6450624879626057,1.4200290720884439
543,0.6041654687355471,0.9538680073675271,1.033866382871163,-0.35085583200451625,1.663977751449648,0.07492440519572273
544,0.08797880255382956,1.5335548420087755,1.3023630949135134,0.49625753022861807,-0.6450624879626057,-1.2140746465203123
545,0.20846140488164522,1.0432106860188848,-0.9159248547292903,-0.020509646266209425,-0.6450624879626057,-0.29469167711022665
546,0.08797880255382956,1.5335548420087755,1.3023630949135134,0.49625753022861807,-0.6450624879626057,-1.2140746465203123
547,1.2192814454984398,1.061812535899475,1.3023630949135134,1.3089648494624735,-0.6450624879626057,1.4200290720884383
548,1.0554923158842433,-0.12135864954729732,0.6487153967610667,1.3089648494624735,1.516891679257141,-1.501571090397703
549,1.0554923158842433,1.1768531096669206,-0.9159248547292903,-0.35085583200451625,-0.6450624879626057,-0.37300592108573427
550,-0.02711531932661335,1.4859885186446107,-0.9159248547292903,-0.35085583200451625,-0.6450624879626057,-0.21781277160256995
551,1.2192814454984398,-0.13499600270424164,0.6487153967610667,0.9123050825696861,1.516891679257141,-1.2140746465203123
552,1.2192814454984398,1.5104275448969282,0.6487153967610667,0.49625753022861807,-0.6450624879626057,0.03214308753104007
553,1.0554923158842433,1.5121073698137966,0.9214881134909242,0.49625753022861807,1.1156433653898234,-0.5198178889772622
554,1.0554923158842433,-0.12226601370011465,1.3023630949135134,0.9123050825696861,1.516891679257141,-1.3570510123348964
555,-0.2418765861789704,-0.11787117595497407,-0.9159248547292903,-0.26158408015188694,-0.6450624879626057,-0.8539725820331627
556,-0.2418765861789704,-0.1365213780398582,-0.9159248547292903,0.9123050825696861,-0.6450624879626057,-1.1473465741601379
557,1.2192814454984398,-0.0403590966698066,0.6487153967610667,1.3089648494624735,1.516891679257141,-0.5198178889772622
558,1.2192814454984398,-0.007486881662284792,1.3023630949135134,1.3089648494624735,-0.6450624879626057,-0.37300592108573866
559,1.2192814454984398,-0.9508141542761614,-0.9159248547292903,0.9123050825696861,-0.6450624879626057,1.2053341283362053
560,-0.5281045762851672,0.25196246796961397,1.3023630949135134,1.3089648494624735,1.516891679257141,1.6899432421761384
561,1.0554923158842433,1.2657345311916923,1.3023630949135134,0.49625753022861807,1.4674312109705496,0.12040403497940012
562,-0.5281045762851672,0.41711321853142835,-0.9159248547292903,-0.6620362106468083,-0.6450624879626057,1.4200290720884439
563,0.6041654687355471,0.9637595063498492,1.3023630949135134,0.49625753022861807,1.663977751449648,0.07492440519572273
564,0.3345227321332346,0.510366729043413,0.6487153967610667,0.9123050825696861,1.516891679257141,1.2917133779513392
565,1.2192814454984398,1.0528447796410683,-0.9159248547292903,-0.8276163223128579,-0.6450624879626057,-0.29469167711022665
566,0.08797880255382956,0.3278646544835324,-0.9159248547292903,-0.4743296090670349,-0.6450624879626057,-0.7256131961777383
567,0.8985215205696524,-0.019262888550926706,1.3023630949135134,0.9123050825696861,-0.6450624879626057,0.03214308753104007
568,-0.5281045762851672,0.40572591368268385,-0.9159248547292903,-1.2159248038427029,-0.6450624879626057,1.0474177033732583
569,0.8985215205696524,1.5151762320165387,-0.9159248547292903,0.49625753022861807,1.1156433653898234,0.03214308753104007
570,0.6041654687355471,-0.026215652365054017,0.6487153967610667,0.561968740846123,1.516891679257141,1.0474177033732552
571,0.6041654687355471,-0.03370363172079216,0.28788857410564644,0.25260940000528104,1.516891679257141,1.2917133779513392
572,1.0554923158842433,-0.11775629246347137,1.3023630949135134,1.3089648494624735,1.516891679257141,-1.2140746465203123
573,0.3345227321332346,1.528994036754373,-0.9159248547292903,0.49625753022861807,1.1156433653898234,-1.501571090397703
574,0.3345227321332346,-0.09354767379765952,1.3023630949135134,0.561968740846123,1.516891679257141,-1.501571090397703
575,0.3345227321332346,1.528994036754373,-0.9159248547292903,0.49625753022861807,-0.6450624879626057,-1.501571090397703
576,1.2192814454984398,1.5167724046717026,1.3023630949135134,0.49625753022861807,0.48535641377843697,0.30494183757865073
577,1.0554923158842433,1.535739706720351,1.3023630949135134,-0.35085583200451625,-0.6450624879626057,-0.44742093524783233
578,0.3345227321332346,0.14548631910813395,0.6487153967610667,0.9123050825696861,-0.6450624879626057,0.30494183757865073
579,0.08797880255382956,-0.6368010511180912,0.28788857410564644,0.9123050825696861,-0.6450624879626057,0.7760309577457363
580,-0.2418765861789704,-0.1279691327098401,-0.9159248547292903,-0.26158408015188694,-0.6450624879626057,-0.9758245404935708
581,-1.5609969015437666,-0.02798657872990345,1.3023630949135134,0.561968740846123,-0.6450624879626057,-1.5752633191860257
582,-1.5609969015437666,1.516853113367133,-0.9159248547292903,0.49625753022861807,-0.6450624879626057,-1.5752633191860257
583,-1.5609969015437666,-0.02798657872990345,1.3023630949135134,0.561968740846123,-0.6450624879626057,-1.5752633191860257
584,-1.5609969015437666,-0.02798657872990345,1.3023630949135134,0.561968740846123,-0.6450624879626057,-1.5752633191860257
585,-1.5609969015437666,-0.02798657872990345,1.3023630949135134,0.561968740846123,-0.6450624879626057,-1.5752633191860257
586,-1.5609969015437666,-0.02798657872990345,1.3023630949135134,0.561968740846123,-0.6450624879626057,-1.5752633191860257
587,-1.5609969015437666,1.516853113367133,-0.9159248547292903,0.49625753022861807,-0.6450624879626057,-1.5752633191860257
588,-1.5609969015437666,-0.02798657872990345,1.3023630949135134,0.9123050825696861,-0.6450624879626057,-1.5752633191860257
589,-1.5609969015437666,-0.02798657872990345,1.3023630949135134,0.561968740846123,-0.6450624879626057,-1.5752633191860257
590,-1.5609969015437666,-0.02798657872990345,1.3023630949135134,0.561968740846123,-0.6450624879626057,-1.5752633191860257
591,-1.5609969015437666,-0.02798657872990345,1.3023630949135134,0.561968740846123,-0.6450624879626057,-1.5752633191860257
592,-0.4372551266524922,0.41612976179970085,-0.9159248547292903,-0.6620362106468083,-0.6450624879626057,0.7760309577457363
593,-0.2418765861789704,-0.12919335905636797,-0.9159248547292903,-0.8276163223128579,-0.6450624879626057,-0.9156838033300055
594,1.2192814454984398,1.3460220054523584,1.3023630949135134,0.49625753022861807,1.8892739884782512,1.552705672427827
595,1.0554923158842433,0.6950327040495128,-0.9159248547292903,0.9123050825696861,-0.6450624879626057,-0.7256131961777383
596,0.8985215205696524,-0.10089684251744446,-0.9159248547292903,0.9123050825696861,-0.6450624879626057,0.30494183757865073
597,1.2192814454984398,1.5174639909696714,1.0881082716236838,0.49625753022861807,-0.6450624879626057,-1.4026220099986861
598,0.6041654687355471,-0.04346348771614162,0.6487153967610667,1.3089648494624735,1.516891679257141,0.8184218777387123
599,-0.2418765861789704,-0.13194859174064316,-0.9159248547292903,-0.020509646266209425,-0.6450624879626057,-0.7906351267612033
600,-0.4372551266524922,0.2796565423449368,-0.9159248547292903,-0.4743296090670349,-0.6450624879626057,1.2053341283362053
601,0.6041654687355471,-0.09445674683233388,-0.9159248547292903,-0.020509646266209425,-0.6450624879626057,-1.3570510123348964
602,0.6041654687355471,-0.05423919385515788,-0.9159248547292903,-0.26158408015188694,-0.6450624879626057,1.1675693135823155
603,0.8985215205696524,-0.4778398577514345,-0.9159248547292903,0.25260940000528104,-0.6450624879626057,0.05228239144288143
604,0.8985215205696524,-0.720964681805637,-0.9159248547292903,-0.9736476429753023,-0.6450624879626057,1.2053341283362053
605,0.6041654687355471,-0.11835127713819782,-0.9159248547292903,0.25260940000528104,-0.6450624879626057,-1.2140746465203123
606,0.4663576027583041,0.6205138345515137,-0.9159248547292903,-0.8276163223128579,-0.6450624879626057,-0.7696530309770118
607,0.08797880255382956,-0.06111475400132419,-0.9159248547292903,-1.2159248038427029,-0.6450624879626057,-0.8539725820331627
608,0.08797880255382956,-0.06111475400132419,-0.9159248547292903,-1.2159248038427029,-0.6450624879626057,-0.8539725820331627
609,-1.6230156605566632,-0.05097030540876693,1.3023630949135134,0.9123050825696861,-0.6450624879626057,-1.2140746465203123
610,-1.6230156605566632,-0.05097030540876693,1.3023630949135134,1.3089648494624735,-0.6450624879626057,-1.2140746465203123
611,-1.6230156605566632,-0.05097030540876693,1.3023630949135134,0.9123050825696861,-0.6450624879626057,-1.2140746465203123
612,-1.6230156605566632,-0.05097030540876693,1.3023630949135134,0.9123050825696861,-0.6450624879626057,-1.2140746465203123
613,-1.6230156605566632,1.5212005199369545,-0.9159248547292903,0.49625753022861807,-0.6450624879626057,-1.2140746465203123
614,-1.6230156605566632,-0.05097030540876693,1.3023630949135134,0.9123050825696861,-0.6450624879626057,-1.2140746465203123
615,-1.6230156605566632,-0.05097030540876693,1.3023630949135134,0.9123050825696861,-0.6450624879626057,-1.2140746465203123
616,-1.6230156605566632,-0.05097030540876693,1.3023630949135134,0.9123050825696861,-0.6450624879626057,-1.2140746465203123
617,-1.6230156605566632,-0.05097030540876693,1.3023630949135134,0.9123050825696861,-0.6450624879626057,-1.2140746465203123
618,-1.6230156605566632,-0.05097030540876693,1.3023630949135134,0.9123050825696861,-0.6450624879626057,-1.2140746465203123
619,-1.6230156605566632,1.5212005199369545,-0.9159248547292903,0.49625753022861807,-0.6450624879626057,-1.2140746465203123
620,-1.6230156605566632,-0.05097030540876693,1.3023630949135134,0.9123050825696861,-0.6450624879626057,-1.2140746465203123
621,-0.5281045762851672,0.006902587421796166,-0.9159248547292903,0.561968740846123,-0.6450624879626057,0.30494183757865073
622,-1.6230156605566632,-0.05097030540876693,1.3023630949135134,0.9123050825696861,-0.6450624879626057,-1.2140746465203123
623,1.0554923158842433,1.5411002655864934,1.3023630949135134,0.49625753022861807,1.4674312109705496,-0.05358297904931856
624,0.8985215205696524,-0.5730755447855109,-0.9159248547292903,-0.26158408015188694,-0.6450624879626057,0.7760309577457363
625,1.2192814454984398,1.6319035892328697,1.3023630949135134,0.49625753022861807,1.1156433653898234,1.6899432421761384
626,-0.4372551266524922,-0.2709568344521235,0.6487153967610667,1.3089648494624735,-0.6450624879626057,0.03214308753104007
627,0.3345227321332346,0.0868882430333084,0.6487153967610667,0.9123050825696861,1.516891679257141,1.1675693135823095
628,0.6041654687355471,-0.663142087005885,-0.9159248547292903,-1.2159248038427029,-0.6450624879626057,0.7760309577457363
629,0.08797880255382956,-0.20154150154093803,-0.9159248547292903,-0.4743296090670349,-0.6450624879626057,0.21130140108800063
630,0.6041654687355471,0.5435980298762539,0.6487153967610667,0.561968740846123,1.516891679257141,-0.5307814536199668
631,0.3345227321332346,0.13780974828678927,-0.9159248547292903,-0.4743296090670349,-0.6450624879626057,0.12040403497940012
632,-0.2418765861789704,-0.1013982055265067,-0.9159248547292903,-1.4041359986639363,-0.6450624879626057,-0.9156838033300055
633,0.7481504752612352,-0.24826005241284263,1.3023630949135134,1.3089648494624735,-0.6450624879626057,-0.6588459232642572
634,-0.4372551266524922,1.020707409365918,0.28788857410564644,1.3089648494624735,1.516891679257141,1.2053341283362053
635,1.2192814454984398,-0.890430693495551,1.3023630949135134,1.3089648494624735,1.516891679257141,1.6899432421761384
636,0.6041654687355471,1.0913481299528918,-0.9159248547292903,0.25260940000528104,-0.6450624879626057,0.7760309577457363
637,-0.5281045762851672,-0.1997211404772818,-0.9159248547292903,-0.8276163223128579,-0.6450624879626057,0.7092643182112509
638,-0.4372551266524922,-0.8465601997975665,-0.9159248547292903,-0.020509646266209425,-0.6450624879626057,1.2053341283362053
639,-0.4372551266524922,-0.6859958956116037,-0.9159248547292903,0.9123050825696861,-0.6450624879626057,0.7760309577457363
640,1.2192814454984398,1.500545923062455,1.3023630949135134,0.49625753022861807,1.663977751449648,-0.5307814536199668
641,1.2192814454984398,1.5722135371466006,0.6487153967610667,-0.35085583200451625,0.48535641377843697,1.4200290720884439
642,-0.1370066906843994,-0.3278899012994632,0.6487153967610667,1.3089648494624735,-0.6450624879626057,1.4200290720884439
643,0.3345227321332346,-0.6000978136137183,-0.9159248547292903,0.25260940000528104,-0.6450624879626057,0.7760309577457363
644,1.0554923158842433,-0.5582510095746509,-0.9159248547292903,0.9123050825696861,-0.6450624879626057,0.3939106719684325
645,0.08797880255382956,1.6390883394144902,1.3023630949135134,0.49625753022861807,1.9062435732537415,1.2053341283362053
646,0.08797880255382956,-0.9686382377745395,-0.9159248547292903,0.25260940000528104,-0.6450624879626057,1.2053341283362053
647,0.08797880255382956,-0.9686382377745395,-0.9159248547292903,0.25260940000528104,-0.6450624879626057,1.2053341283362053
648,0.3345227321332346,-0.12165453644432776,-0.9159248547292903,-0.4743296090670349,-0.6450624879626057,-0.1368708785191266
649,0.08797880255382956,-0.6906381908037762,-0.9159248547292903,-1.3159735854368142,-0.6450624879626057,0.7760309577457363
650,0.8985215205696524,-0.7584232817363266,0.061285831507066804,0.9123050825696861,-0.6450624879626057,1.2053341283362053
651,0.8985215205696524,-0.3900487413928626,1.3023630949135134,-0.4743296090670349,-0.6450624879626057,0.05228239144288143
652,1.0554923158842433,-1.1139521423441496,-0.9159248547292903,0.9123050825696861,-0.6450624879626057,0.3939106719684325
653,-0.4372551266524922,-0.9813001951260771,1.3023630949135134,0.9123050825696861,-0.6450624879626057,1.2053341283362053
654,0.3345227321332346,-0.13916223696998578,-0.9159248547292903,-0.6620362106468083,-0.6450624879626057,-0.37300592108573866
655,1.2192814454984398,-0.9837422907307357,1.3023630949135134,1.3089648494624735,1.516891679257141,1.2053341283362053
656,-0.02711531932661335,0.9457675717723503,-0.9159248547292903,0.25260940000528104,-0.6450624879626057,0.3939106719684325
657,0.3345227321332346,-0.14130579454853825,-0.9159248547292903,-0.6620362106468083,-0.6450624879626057,-0.29649651948656663
658,1.0554923158842433,-0.7689764659752928,-0.9159248547292903,1.3089648494624735,1.516891679257141,1.6899432421761384
659,-0.4372551266524922,-0.6940018924753605,-0.9159248547292903,-1.7874571843648337,-0.6450624879626057,0.7760309577457363
660,0.3345227321332346,-0.864688298855959,-0.9159248547292903,-0.020509646266209425,-0.6450624879626057,1.2053341283362053
661,1.0554923158842433,-1.0472245606029704,-0.9159248547292903,-0.020509646266209425,-0.6450624879626057,0.7760309577457363
662,-0.9875200821695892,-1.1208338451971034,-0.9159248547292903,-1.8192630488631556,-0.6450624879626057,0.3939106719684325
663,1.0554923158842433,-1.129610664536667,-0.9159248547292903,1.3089648494624735,1.516891679257141,0.3939106719684325
664,1.2192814454984398,-0.46525630784544836,0.6487153967610667,1.3089648494624735,1.516891679257141,0.7760309577457363
665,-0.4372551266524922,-0.6102275338244159,-0.9159248547292903,0.9123050825696861,-0.6450624879626057,0.7760309577457363
666,-0.4372551266524922,-0.6102275338244159,-0.9159248547292903,1.3089648494624735,-0.6450624879626057,0.7760309577457363
667,-0.4372551266524922,-0.6102275338244159,-0.9159248547292903,0.9123050825696861,-0.6450624879626057,0.7760309577457363
668,-0.4372551266524922,1.6029559736892016,1.3023630949135134,0.49625753022861807,1.9062435732537415,0.7760309577457363
669,-0.4372551266524922,-0.6102275338244159,-0.9159248547292903,0.9123050825696861,-0.6450624879626057,0.7760309577457363
670,1.2192814454984398,1.5678849073101488,1.3023630949135134,0.49625753022861807,1.9062435732537415,-0.7256131961777383
671,1.2192814454984398,-0.3492613442028072,1.3023630949135134,1.3089648494624735,1.516891679257141,-0.8539725820331627
672,-1.9048168853962317,-1.1290990480477185,1.3023630949135134,0.9123050825696861,-0.6450624879626057,0.3939106719684325
673,-0.02711531932661335,0.7003242358430823,-0.9159248547292903,-1.3159735854368142,-0.6450624879626057,0.3939106719684325
674,-0.02711531932661335,0.39118151925635036,-0.9159248547292903,0.25260940000528104,-0.6450624879626057,0.3939106719684325
675,-0.02711531932661335,-0.7729718643445838,-0.9159248547292903,-0.26158408015188694,-0.6450624879626057,0.3939106719684325
676,1.0554923158842433,-1.1302874726547978,0.6487153967610667,0.9123050825696861,-0.6450624879626057,0.3939106719684325
677,-0.4372551266524922,-0.9868932523487411,-0.9159248547292903,-0.9736476429753023,-0.6450624879626057,1.2053341283362053
678,-0.920392059380289,0.8950470378964838,-0.9159248547292903,0.561968740846123,-0.6450624879626057,0.7293137082209589
679,-0.6146142769693566,-0.6277798067930758,-0.9159248547292903,-0.26158408015188694,-0.6450624879626057,0.7760309577457363
680,1.2192814454984398,-0.988460174975259,-0.9159248547292903,-0.020509646266209425,-0.6450624879626057,1.2053341283362053
681,1.0554923158842433,1.5903821005574506,1.3023630949135134,0.49625753022861807,1.8354408252014338,-0.29469167711022665
682,0.3345227321332346,-0.18559785865567943,0.6487153967610667,1.3089648494624735,-0.6450624879626057,1.1675693135823155
683,-0.4372551266524922,-0.6722583477366227,-0.9159248547292903,-1.1024111417657179,-0.6450624879626057,0.7760309577457363
684,1.2192814454984398,-0.7118890582243897,0.9214881134909242,1.3089648494624735,1.8518217044814775,0.7760309577457363
685,-1.9048168853962317,-1.131938333617938,-0.9159248547292903,-1.1024111417657179,-0.6450624879626057,0.3939106719684325
686,-0.920392059380289,-1.2816667021806534,-0.9159248547292903,-0.020509646266209425,-0.6450624879626057,0.30494183757865073
687,-0.6146142769693566,-0.8514391906550907,-0.9159248547292903,-0.9736476429753023,-0.6450624879626057,1.6899432421761384
688,0.6041654687355471,-1.1066230702268722,-0.9159248547292903,-0.6620362106468083,-0.6450624879626057,1.6899432421761384
689,-0.4372551266524922,-0.9931246326496838,-0.9159248547292903,-0.6620362106468083,-0.6450624879626057,1.2053341283362053
690,-0.6146142769693566,-0.9360541800160769,-0.9159248547292903,-1.8472358995557179,-0.6450624879626057,1.2053341283362053
691,-0.6146142769693566,-0.9360541800160769,-0.9159248547292903,-1.8472358995557179,-0.6450624879626057,1.2053341283362053
692,-0.6146142769693566,-0.9360541800160769,-0.9159248547292903,-1.8472358995557179,-0.6450624879626057,1.2053341283362053
693,-0.6146142769693566,-0.9360541800160769,-0.9159248547292903,-1.8472358995557179,-0.6450624879626057,1.2053341283362053
694,-0.6146142769693566,-0.9360541800160769,-0.9159248547292903,-1.8472358995557179,-0.6450624879626057,1.2053341283362053
695,-0.6146142769693566,-0.9360541800160769,-0.9159248547292903,-1.8472358995557179,-0.6450624879626057,1.2053341283362053
696,1.0554923158842433,1.6537721590070693,1.3023630949135134,0.49625753022861807,1.90013738230375,0.7092643182112509
697,-0.4372551266524922,-0.9952824243280031,0.061285831507066804,-0.26158408015188694,-0.6450624879626057,1.2053341283362053
698,-0.4372551266524922,-0.9952824243280031,-0.9159248547292903,-0.26158408015188694,-0.6450624879626057,1.2053341283362053
699,0.6041654687355471,-1.0863890327547139,0.28788857410564644,0.9123050825696861,1.516891679257141,0.3939106719684325
700,1.0554923158842433,-1.2938449414183224,-0.9159248547292903,1.3089648494624735,1.516891679257141,-0.9758245404935708
701,-1.9048168853962317,-1.1365250023127615,-0.9159248547292903,-0.9736476429753023,-0.6450624879626057,0.3939106719684325
702,-0.9875200821695892,-1.1011150025525906,-0.9159248547292903,-2.024071379302292,-0.6450624879626057,0.3939106719684325
703,-0.9875200821695892,-1.1011150025525906,-0.9159248547292903,-2.024071379302292,-0.6450624879626057,0.3939106719684325
704,-0.9875200821695892,-1.1011150025525906,-0.9159248547292903,-2.024071379302292,-0.6450624879626057,0.3939106719684325
705,-0.9875200821695892,-1.1011150025525906,-0.9159248547292903,-2.024071379302292,-0.6450624879626057,0.3939106719684325
706,-0.9875200821695892,-1.1011150025525906,-0.9159248547292903,-2.024071379302292,-0.6450624879626057,0.3939106719684325
707,1.2192814454984398,-0.9769974251477042,-0.9159248547292903,-0.020509646266209425,-0.6450624879626057,1.2053341283362053
708,-0.6146142769693566,-0.81950192383904,-0.9159248547292903,-1.6635154478180771,-0.6450624879626057,0.7760309577457363
709,1.2192814454984398,1.612242909166876,1.3023630949135134,0.49625753022861807,-0.6450624879626057,0.7760309577457363
710,-0.920392059380289,-1.290928260085194,-0.9159248547292903,0.25260940000528104,-0.6450624879626057,1.4200290720884383
711,0.08797880255382956,-1.312890648420804,-0.9159248547292903,-1.7102083486852429,-0.6450624879626057,-0.8539725820331627
712,-0.920392059380289,-1.3114572753944949,-0.9159248547292903,-0.020509646266209425,-0.6450624879626057,1.0474177033732552
713,1.0554923158842433,1.6403717801431033,1.3023630949135134,0.49625753022861807,1.9062435732537415,1.2053341283362053
714,0.6041654687355471,-1.1535213575109022,1.3023630949135134,1.3089648494624735,-0.6450624879626057,0.3939106719684325
715,-1.9048168853962317,-1.154752703146891,-0.9159248547292903,-1.4041359986639363,-0.6450624879626057,0.7092643182112509
716,0.6041654687355471,-1.1593879537393128,-0.9159248547292903,-1.9779639836873744,-0.6450624879626057,0.3939106719684325
717,0.08797880255382956,-1.2941629919545123,0.061285831507066804,-0.6620362106468083,-0.6450624879626057,-0.6588459232642572
718,-1.9048168853962317,-1.2961803651648525,-0.9159248547292903,-1.4818077005755406,-0.6450624879626057,0.03214308753104007
719,-1.9048168853962317,-1.2961803651648525,-0.9159248547292903,-1.4818077005755406,-0.6450624879626057,0.03214308753104007
720,-0.920392059380289,-1.3070949529131088,-0.9159248547292903,-0.6620362106468083,-0.6450624879626057,-0.29649651948656663
721,-1.9048168853962317,-1.296521630136391,-0.9159248547292903,-1.7102083486852429,-0.6450624879626057,0.30494183757865073
722,-1.9048168853962317,-1.3137769562120614,-0.9159248547292903,-1.7874571843648337,-0.6450624879626057,0.03214308753104007
723,-1.9048168853962317,-1.2967677471645005,-0.9159248547292903,-1.8472358995557179,-0.6450624879626057,0.5009059820953283
724,-1.9048168853962317,-1.3130351463891696,-0.9159248547292903,-1.3159735854368142,-0.6450624879626057,-0.5198178889772622
725,-0.6146142769693566,-1.2906442038514732,1.3023630949135134,0.25260940000528104,1.516891679257141,-0.9758245404935708
726,-0.6146142769693566,-1.2906442038514732,1.3023630949135134,0.561968740846123,1.516891679257141,-0.9758245404935708
727,-0.920392059380289,-1.3204876996543164,0.6487153967610667,1.3089648494624735,1.516891679257141,1.6899432421761384
728,-0.6146142769693566,-1.2906442038514732,1.3023630949135134,0.25260940000528104,-0.6450624879626057,-0.9758245404935708
729,-0.6146142769693566,-1.2906442038514732,1.3023630949135134,0.25260940000528104,-0.6450624879626057,-0.9758245404935708
730,-1.9048168853962317,-1.3139614030668731,-0.9159248547292903,-1.9124593226689195,-0.6450624879626057,0.401437420402728
731,-1.9048168853962317,-1.2947902287468598,-0.9159248547292903,-1.7513009796111563,-0.6450624879626057,-0.1368708785191266
732,-0.6146142769693566,-1.0764411882221245,-0.9159248547292903,-1.4041359986639363,-0.6450624879626057,1.2053341283362053
733,-0.6146142769693566,1.6664455783125933,-0.9159248547292903,0.49625753022861807,1.9062435732537415,-0.8539725820331627
734,-0.6146142769693566,-1.3116172211393675,1.3023630949135134,-0.26158408015188694,-0.6450624879626057,-0.8539725820331627
735,-0.6146142769693566,-1.3116172211393675,1.3023630949135134,-0.26158408015188694,-0.6450624879626057,-0.8539725820331627
736,-0.6146142769693566,-1.3116172211393675,1.3023630949135134,-0.26158408015188694,-0.6450624879626057,-0.8539725820331627
737,-0.6146142769693566,-1.3116172211393675,1.3023630949135134,-0.020509646266209425,-0.6450624879626057,-0.8539725820331627
738,-0.6146142769693566,-1.3116172211393675,1.3023630949135134,-0.26158408015188694,-0.6450624879626057,-0.8539725820331627
739,-0.6146142769693566,-1.3116172211393675,1.3023630949135134,-0.020509646266209425,-0.6450624879626057,-0.8539725820331627
740,-1.9048168853962317,-1.3145204138482478,-0.9159248547292903,-0.4743296090670349,-0.6450624879626057,1.4200290720884439
741,-0.6146142769693566,-1.3116172211393675,1.3023630949135134,-0.26158408015188694,-0.6450624879626057,-0.8539725820331627
742,-0.920392059380289,-1.3135943091354438,0.6487153967610667,0.9123050825696861,-0.6450624879626057,-1.2862128329028193
743,-1.9048168853962317,-1.1943127433292193,-0.9159248547292903,-0.6620362106468083,-0.6450624879626057,0.3939106719684325
744,-1.9048168853962317,-1.3134504344638254,-0.9159248547292903,-1.8192630488631556,-0.6450624879626057,0.30494183757865073
745,-1.9048168853962317,-1.2974517520624984,-0.9159248547292903,-1.9866832606778104,-0.6450624879626057,1.4200290720884439
746,-1.9048168853962317,-1.315427989908446,-0.9159248547292903,-1.9567149435874898,-0.6450624879626057,0.30494183757865073
747,-1.9048168853962317,-1.3253687561827812,-0.9159248547292903,-1.9438293660381643,-0.6450624879626057,0.401437420402728
748,-1.9048168853962317,-1.3253690224220915,-0.9159248547292903,-2.0010475718236225,-0.6450624879626057,-0.5198178889772622
