Row,TD_P,TD_U,CL,MV,LSR,F4
1,-0.6211107933608642,-0.12129072802802056,0.5986196865620056,1.3650063669598012,-0.4709418034914393,-0.1986749769940323
2,1.6079223342145736,0.385866399907903,-1.2327763991604717,-0.7316434126904536,-0.698101509039932,0.6964560689930156
3,-0.6211107933608642,-0.12129072802802056,0.2898700484455133,1.3650063669598012,-0.9540198727693335,-0.8432866929566003
4,-0.6211107933608642,-0.6784014485124491,-1.273188413452669,-0.7316434126904536,-0.7772100034925618,1.0672135957978015
5,-0.6211107933608642,0.385866399907903,-0.1592221960537265,1.3650063669598012,-2.7802961003354336,-1.2677514805867083
6,1.6079223342145736,-1.9799040890714703,-1.0130027738640046,-0.7316434126904536,1.588370085016078,-0.6414174261734236
7,-0.6211107933608642,-0.12129072802802056,1.7020753342551957,1.3650063669598012,0.9783360976821526,-0.017129758289384598
8,1.6079223342145736,0.385866399907903,1.3286179437101928,-0.7316434126904536,0.9285021306510471,-1.274538467812824
9,-0.6211107933608642,0.385866399907903,-0.159503755882518,1.3650063669598012,-2.2725933545248145,0.021933032925590887
10,1.6079223342145736,-1.9799040890714703,1.7040862550431957,1.3650063669598012,-0.5183268677981602,-1.6713920739843706
11,1.6079223342145736,0.385866399907903,-0.4654358973564555,-0.7316434126904536,0.20162996902513491,-0.7716981375695379
12,-0.6211107933608642,-0.6784014485124491,0.02086404438695075,1.3650063669598012,0.572557531981856,-1.9255044739431375
13,-0.6211107933608642,-0.6784014485124491,1.5222411603546466,-0.7316434126904536,-0.8796083707566953,0.22811457488596912
14,-0.6211107933608642,-1.294240590321551,-0.1596839004301193,1.3650063669598012,-3.6646649763255277,0.3010687663611823
15,-0.6211107933608642,-0.12129072802802056,0.5092367685789171,1.3650063669598012,0.5797293190360523,-0.5464741888273306
16,1.6079223342145736,1.2771752620470103,1.284501253648234,1.3650063669598012,2.7484304758409794,1.179828298552917
17,1.6079223342145736,0.385866399907903,0.7795271351946166,1.3650063669598012,0.7219532620620445,-1.4904987547598154
18,1.6079223342145736,2.0377978882647083,1.6469131755944866,1.3650063669598012,1.4200914913654021,0.7007600062109757
19,1.6079223342145736,0.385866399907903,-0.11220589726063704,-0.7316434126904536,-0.9002853940949507,0.4078276836342245
20,1.6079223342145736,0.385866399907903,1.6311572361743456,1.3650063669598012,0.8420769183459927,1.650415110269996
21,-0.6211107933608642,0.385866399907903,1.129916107603814,-0.7316434126904536,0.19082276184649774,-1.8665062255596818
22,1.6079223342145736,0.8501127572285249,0.4380914101884037,-0.7316434126904536,-0.042485143557731156,1.4864655314428825
23,-0.6211107933608642,-0.6784014485124491,-0.1185408283646444,1.3650063669598012,-1.0209156774674337,-0.1986749769940323
24,1.6079223342145736,2.0377978882647083,1.4851487414875635,1.3650063669598012,-0.8028507987002041,1.2679567654305113
25,-0.6211107933608642,1.6717650357421792,-0.009680966080486695,1.3650063669598012,-0.09952063688521569,-0.5537891591835792
26,1.6079223342145736,2.0377978882647083,1.0425535513117483,1.3650063669598012,1.7064972853862341,-0.3390364557732351
27,-0.6211107933608642,2.0377978882647083,0.6368499067144966,1.3650063669598012,0.6723998652759549,-0.1986749769940323
28,-0.6211107933608642,-0.6784014485124491,-1.271495099554513,-0.7316434126904536,-0.050171248635705774,1.179828298552917
29,-0.6211107933608642,-0.6784014485124491,1.4420392518388163,-0.7316434126904536,-0.990179610232675,-1.6435255995854317
30,1.6079223342145736,1.2771752620470103,-0.055505194720824054,-0.7316434126904536,1.620298504658095,-1.4242842860296956
31,1.6079223342145736,1.6717650357421792,0.3323053647646224,-0.7316434126904536,1.0639979003979207,-0.6432883337316287
32,-0.6211107933608642,-0.6784014485124491,0.33454475520026744,1.3650063669598012,-0.8142164231391201,-0.5946395620797206
33,-0.6211107933608642,-0.6784014485124491,-1.2945282618002678,-0.7316434126904536,0.5690994031973328,1.1136509308327016
34,-0.6211107933608642,-0.6784014485124491,-1.2054388288808944,-0.7316434126904536,0.45250883206894693,-0.004581805777523192
35,1.6079223342145736,2.3785589996083747,0.8933079219662803,-0.7316434126904536,0.7426545122405785,1.033626605343334
36,1.6079223342145736,-1.9799040890714703,-0.36200504657953114,-0.7316434126904536,-1.7172000949069017,0.4078276836342245
37,-0.6211107933608642,1.6717650357421792,1.2922325282184317,-0.7316434126904536,0.6147430510152017,-1.2024792831693745
38,1.6079223342145736,-0.6784014485124491,1.1188990537679553,1.3650063669598012,0.1048424904775005,1.033626605343334
39,-0.6211107933608642,1.2771752620470103,1.6590847147246148,1.3650063669598012,0.6575892788059446,-0.3512742131066192
40,1.6079223342145736,0.8501127572285249,-0.04354452796856221,1.3650063669598012,-1.1984299671900835,-0.8897166331417246
41,-0.6211107933608642,0.8501127572285249,1.189473548146849,-0.7316434126904536,0.6118040024206406,-0.8432866929566003
42,-0.6211107933608642,0.385866399907903,1.1699941087137402,-0.7316434126904536,1.1126284962053166,-0.1986749769940323
43,1.6079223342145736,-1.9799040890714703,-0.6442178638178877,-0.7316434126904536,-0.7748647524143188,-0.18540235423633897
44,-0.6211107933608642,-0.12129072802802056,-0.1527118345091318,1.3650063669598012,-2.481696706768082,-1.5031108393363029
45,-0.6211107933608642,0.8501127572285249,0.9949356422241052,-0.7316434126904536,2.1855313330490427,0.4537356047285625
46,-0.6211107933608642,-0.6784014485124491,-0.1574335324585907,1.3650063669598012,-1.7331092398628696,-1.194569818769224
47,-0.6211107933608642,0.385866399907903,-0.22609072956482695,-0.7316434126904536,0.43583329308042373,1.1136509308327016
48,-0.6211107933608642,-0.6784014485124491,-1.2637869386109686,-0.7316434126904536,-0.6846395907024202,0.9713632790775769
49,1.6079223342145736,0.8501127572285249,1.5542100947430095,1.3650063669598012,0.5913418466165277,0.4078276836342245
50,-0.6211107933608642,-0.6784014485124491,-1.3010516586722036,-0.7316434126904536,1.4740251055574807,-0.004581805777523192
51,-0.6211107933608642,-0.6784014485124491,-1.2957404687733118,-0.7316434126904536,-0.2767883841879516,0.4078276836342245
52,-0.6211107933608642,-0.6784014485124491,-1.2463138880198708,-0.7316434126904536,0.2205184501748196,0.8993847499991525
53,1.6079223342145736,-1.9799040890714703,-1.2284666736118646,-0.7316434126904536,0.2317910598267801,-0.6432883337316287
54,-0.6211107933608642,-0.12129072802802056,-0.14219706307797167,1.3650063669598012,-1.3415383240268364,-0.9594951604830417
55,-0.6211107933608642,-0.12129072802802056,1.5209763844510373,-0.7316434126904536,0.45756326605652176,-0.1986749769940323
56,-0.6211107933608642,-0.6784014485124491,-1.3205358578446387,-0.7316434126904536,-0.8853352498930271,-0.8432866929566003
57,-0.6211107933608642,0.385866399907903,-0.14177786161793643,1.3650063669598012,-1.000206783391026,-0.1986749769940323
58,1.6079223342145736,0.385866399907903,1.2758108393129552,-0.7316434126904536,-0.8557799872005936,1.179828298552917
59,-0.6211107933608642,0.385866399907903,1.5315940208260839,-0.7316434126904536,-1.5111459902322484,0.0858526085653471
60,-0.6211107933608642,-0.12129072802802056,-0.6821901501679424,-0.7316434126904536,0.19974600509479035,-0.004581805777523192
61,-0.6211107933608642,-0.6784014485124491,-1.3438988657393878,-0.7316434126904536,-0.8047014366561217,-1.0980641625965104
62,-0.6211107933608642,0.8501127572285249,1.2157585441484975,1.3650063669598012,1.3490989584406379,-1.1087077804400862
63,1.6079223342145736,-1.9799040890714703,-1.188298958570906,-0.7316434126904536,-0.8295265969040031,-0.3734345076757216
64,-0.6211107933608642,1.2771752620470103,-0.4810484796554106,-0.7316434126904536,0.8909331453779566,1.1136509308327016
65,1.6079223342145736,0.8501127572285249,1.5203512485788053,1.3650063669598012,1.419172530356033,-0.1986749769940323
66,1.6079223342145736,0.385866399907903,-1.0355191517797266,-0.7316434126904536,0.21060661884264903,1.4864655314428825
67,1.6079223342145736,0.8501127572285249,1.5217407943738055,1.3650063669598012,-0.7356001945808552,1.650415110269996
68,1.6079223342145736,0.8501127572285249,1.0001780486125138,-0.7316434126904536,-0.7957912512066924,-0.6432883337316287
69,-0.6211107933608642,-0.6784014485124491,-1.3131255448164487,-0.7316434126904536,0.046207857483406584,0.6427656473308463
70,-0.6211107933608642,-0.12129072802802056,-0.13063803074364316,-0.7316434126904536,-0.3304679626760206,1.3730509542617149
71,-0.6211107933608642,1.2771752620470103,1.6541994251898884,1.3650063669598012,1.778351458586074,1.179828298552917
72,-0.6211107933608642,-1.9799040890714703,-0.1790653888737685,-0.7316434126904536,1.1638926558784903,1.5932148129034212
73,1.6079223342145736,-0.6784014485124491,-0.025377487830325143,1.3650063669598012,-0.9124240027205877,-1.0562953908118904
74,-0.6211107933608642,0.8501127572285249,0.5558910554801401,-0.7316434126904536,-1.0981609517211648,-1.6435255995854345
75,-0.6211107933608642,0.8501127572285249,-1.227458913109912,-0.7316434126904536,0.1000545741235147,1.650415110269996
76,-0.6211107933608642,-0.6784014485124491,-1.2889207397153932,-0.7316434126904536,-1.9036603455401957,-1.0065598399351081
77,1.6079223342145736,0.385866399907903,-0.7640295813680926,-0.7316434126904536,0.3653538529499964,-0.1986749769940323
78,-0.6211107933608642,0.8501127572285249,-0.8173525732239516,-0.7316434126904536,0.47639817659917366,0.6427656473308463
79,-0.6211107933608642,-1.294240590321551,0.8852928225058145,1.3650063669598012,0.08807404970958538,-2.006675919887995
80,-0.6211107933608642,-0.6784014485124491,-1.2247741660412308,-0.7316434126904536,0.4146884790324833,-0.8952333327144962
81,-0.6211107933608642,-0.6784014485124491,-1.2481991139785622,-0.7316434126904536,-0.0850883341823872,-1.0980641625965104
82,-0.6211107933608642,-0.6784014485124491,-1.3450851451845112,-0.7316434126904536,-1.0514791372524117,-1.752412683654909
83,1.6079223342145736,0.385866399907903,-0.5936804249769593,-0.7316434126904536,-0.4597143430757334,0.9713632790775769
84,-0.6211107933608642,-0.6784014485124491,-1.2726553562682348,-0.7316434126904536,0.07076355107550401,0.8993847499991525
85,-0.6211107933608642,-0.6784014485124491,0.47257217027144094,1.3650063669598012,-0.578235899524525,-1.6713920739843706
86,-0.6211107933608642,0.385866399907903,-0.7511555193884789,-0.7316434126904536,-0.03288249894032848,0.6964560689930156
87,1.6079223342145736,1.2771752620470103,1.468098648921069,-0.7316434126904536,-0.5480375935081869,1.033626605343334
88,-0.6211107933608642,-0.12129072802802056,-1.0013270383208903,-0.7316434126904536,-0.16570507549090951,1.179828298552917
89,-0.6211107933608642,1.6717650357421792,-0.08838438995821149,1.3650063669598012,-0.32394506510142,-0.017129758289384598
90,-0.6211107933608642,-0.6784014485124491,-1.234440492012227,-0.7316434126904536,0.2369482220149842,-0.16658290995125666
91,-0.6211107933608642,-0.6784014485124491,-1.328872636665193,-0.7316434126904536,-0.4044338295179644,0.6535513804951756
92,1.6079223342145736,2.3785589996083747,-0.18200593689670047,-0.7316434126904536,-0.5417544912990884,-0.7738441743361559
93,1.6079223342145736,0.385866399907903,0.44273804315945875,-0.7316434126904536,-0.8770274517689278,-0.1986749769940323
94,-0.6211107933608642,0.385866399907903,1.546650708217905,1.3650063669598012,1.5487033966116486,-1.28860250719554
95,-0.6211107933608642,-0.6784014485124491,-0.7055741750782777,-0.7316434126904536,-0.5055702708128226,-1.0065598399351081
96,-0.6211107933608642,1.6717650357421792,1.220324521337413,-0.7316434126904536,-1.147899410185968,-0.1986749769940323
97,-0.6211107933608642,0.8501127572285249,-1.200384025339219,-0.7316434126904536,0.8115503756545426,-0.004581805777523192
98,-0.6211107933608642,-0.6784014485124491,-1.3269598663686855,-0.7316434126904536,-0.5469253255684379,-1.194569818769224
99,-0.6211107933608642,-0.6784014485124491,-1.1310276640474515,-0.7316434126904536,-0.05254300456902312,1.650415110269996
100,1.6079223342145736,0.385866399907903,0.5696977001342576,1.3650063669598012,0.11375915269227797,-1.708014670368355
101,-0.6211107933608642,-0.6784014485124491,0.06459576828405748,1.3650063669598012,-2.1761475535894457,1.2729477184078288
102,-0.6211107933608642,-1.9799040890714703,-0.7446779837989864,-0.7316434126904536,0.8969518201700049,0.25856505785956896
103,-0.6211107933608642,-0.6784014485124491,-1.1316783477222652,-0.7316434126904536,0.5184101441949952,-1.5883836490043053
104,-0.6211107933608642,-0.6784014485124491,-1.2888069823975339,-0.7316434126904536,-0.2618457055774768,-0.10560482907875818
105,-0.6211107933608642,-0.12129072802802056,-0.6039150611089242,-0.7316434126904536,-0.8915555704064784,-0.9982351027776758
106,-0.6211107933608642,-0.12129072802802056,-0.6695554903363533,-0.7316434126904536,-0.41778230145127676,1.5932148129034212
107,-0.6211107933608642,-0.6784014485124491,-0.9832041982490126,-0.7316434126904536,-1.2486356143864432,0.8993847499991525
108,-0.6211107933608642,-1.9799040890714703,0.23035184163616154,-0.7316434126904536,-0.6686792862321611,1.1136509308327016
109,-0.6211107933608642,0.8501127572285249,-1.155831108082409,-0.7316434126904536,0.9496925030644149,1.1136509308327016
110,-0.6211107933608642,0.385866399907903,1.6869107802011216,1.3650063669598012,0.91864511801708,0.6427656473308463
111,-0.6211107933608642,0.8501127572285249,0.9066283083652903,1.3650063669598012,0.23792163104109187,-0.5537891591835792
112,-0.6211107933608642,-0.12129072802802056,-0.15606789557068662,1.3650063669598012,-0.7617896533267656,1.033626605343334
113,-0.6211107933608642,-0.12129072802802056,-1.2029610145597376,-0.7316434126904536,0.35197462735955687,-0.3932062413842197
114,-0.6211107933608642,0.8501127572285249,-1.1646276468171874,-0.7316434126904536,0.7539482646199852,-0.3734345076757216
115,-0.6211107933608642,-0.6784014485124491,0.3678274687973873,1.3650063669598012,0.029929352128425124,0.25856505785957934
116,-0.6211107933608642,-0.12129072802802056,0.7825161388574879,1.3650063669598012,0.24223036256677677,-0.3932062413842197
117,1.6079223342145736,2.0377978882647083,1.5378921110972978,1.3650063669598012,1.5919737910066485,-1.4169138234624405
118,-0.6211107933608642,-0.12129072802802056,-1.0218979373212156,-0.7316434126904536,-1.0265251482047075,-1.194569818769224
119,-0.6211107933608642,-0.6784014485124491,-1.2139736046024008,-0.7316434126904536,-0.0005800564902840458,1.179828298552917
120,-0.6211107933608642,-0.6784014485124491,-1.2795072733528574,-0.7316434126904536,-0.2413590570276049,1.4864655314428825
121,-0.6211107933608642,-0.6784014485124491,0.04276031587867851,1.3650063669598012,-0.8084561379280221,-2.0142581296883617
122,-0.6211107933608642,0.8501127572285249,-0.6670045322179264,-0.7316434126904536,0.4019426843436368,-0.1986749769940323
123,-0.6211107933608642,-0.12129072802802056,-1.0346778648551427,-0.7316434126904536,0.15811404045184668,1.650415110269996
124,-0.6211107933608642,-0.6784014485124491,0.3408927971328453,-0.7316434126904536,0.972187537910734,0.021933032925590887
125,-0.6211107933608642,1.6717650357421792,1.6857692089573733,1.3650063669598012,1.9192798784037084,-1.0980641625965104
126,-0.6211107933608642,-1.9799040890714703,1.4639833215440756,1.3650063669598012,-0.5896490549527503,-0.6432883337316287
127,1.6079223342145736,1.6717650357421792,0.02583059109513636,-0.7316434126904536,-0.24895292160940224,1.650415110269996
128,-0.6211107933608642,-0.12129072802802056,-0.9343276321086086,-0.7316434126904536,0.27440572886430414,1.1136509308327016
129,1.6079223342145736,0.385866399907903,1.5372477169486376,1.3650063669598012,-0.6836645009260879,-1.4242842860296956
130,1.6079223342145736,0.8501127572285249,1.5636595228338135,1.3650063669598012,-0.28516295615662574,0.8783986027270128
131,-0.6211107933608642,0.8501127572285249,0.7062943810366283,1.3650063669598012,0.8099954949782111,0.6159107048142842
132,1.6079223342145736,-0.6784014485124491,0.5559386718577861,1.3650063669598012,-1.0208499489271416,1.1136509308327016
133,-0.6211107933608642,-0.6784014485124491,0.33344932842572783,1.3650063669598012,-0.4369413107059883,-0.8432866929566003
134,1.6079223342145736,0.385866399907903,-0.01623337497214718,-0.7316434126904536,-0.04536435154391467,0.6964560689930156
135,-0.6211107933608642,-0.6784014485124491,-1.2730040838032857,-0.7316434126904536,1.3241532213719713,0.8993847499991525
136,1.6079223342145736,0.385866399907903,-0.5870459866438797,-0.7316434126904536,-0.27088811255062856,0.25856505785956896
137,-0.6211107933608642,-0.6784014485124491,-1.1753048656567286,-0.7316434126904536,0.9138378259989006,1.179828298552917
138,-0.6211107933608642,-0.6784014485124491,-1.2305724531466133,-0.7316434126904536,0.7569713415074383,1.5932148129034212
139,-0.6211107933608642,0.8501127572285249,-0.4228385002376459,-0.7316434126904536,2.2920232019109914,-0.3932062413842197
140,-0.6211107933608642,-0.12129072802802056,0.8489045927428082,-0.7316434126904536,-0.618692120615258,0.6964560689930156
141,-0.6211107933608642,-0.6784014485124491,-0.7098711463821658,-0.7316434126904536,1.5864265696192337,-1.811171091128016
142,1.6079223342145736,1.6717650357421792,-0.15231120302416926,-0.7316434126904536,-0.15038149748202512,1.650415110269996
143,-0.6211107933608642,0.385866399907903,-1.1288665813903496,-0.7316434126904536,-0.16840491708083405,-0.3734345076757216
144,1.6079223342145736,0.8501127572285249,1.3008207244244112,1.3650063669598012,2.721358577538586,-0.5035067442603315
145,-0.6211107933608642,1.6717650357421792,1.1741408308520218,-0.7316434126904536,0.9589647131649187,0.6964560689930156
146,-0.6211107933608642,-0.6784014485124491,-1.3526271888676127,-0.7316434126904536,-1.8615683773677076,0.6427656473308463
147,1.6079223342145736,0.8501127572285249,-0.20964079631608404,-0.7316434126904536,-0.6668798373063122,-1.0756271985261725
148,1.6079223342145736,0.385866399907903,1.071831302973779,-0.7316434126904536,-1.7122589651951279,0.021933032925590887
149,-0.6211107933608642,2.0377978882647083,1.149597734112741,-0.7316434126904536,1.2779101491372404,-1.342098093520552
150,-0.6211107933608642,-0.6784014485124491,-1.2738717712507688,-0.7316434126904536,-0.26566200410004914,0.3762515604294256
151,-0.6211107933608642,0.8501127572285249,0.8081310362360669,-0.7316434126904536,0.6281168301443187,-1.9255044739431375
152,1.6079223342145736,-1.9799040890714703,-1.0869053901923558,-0.7316434126904536,0.6996281129513591,-1.0315511053692297
153,-0.6211107933608642,-0.12129072802802056,-0.1056245630407022,1.3650063669598012,-0.8795790888673864,1.11764004253446
154,-0.6211107933608642,0.8501127572285249,1.5328492638231173,-0.7316434126904536,-0.260001528485847,-1.941055903338609
155,-0.6211107933608642,0.385866399907903,-0.11687884967965054,1.3650063669598012,-0.8313200628188434,-0.5819979994958134
156,-0.6211107933608642,-0.6784014485124491,0.10497082880930053,1.3650063669598012,-0.4148747470439103,-0.1986749769940323
157,-0.6211107933608642,-0.6784014485124491,-1.2485775861226518,-0.7316434126904536,0.7473974290187448,1.4864655314428825
158,-0.6211107933608642,-0.12129072802802056,-1.0714671412710968,-0.7316434126904536,-0.5349401963923515,1.1136509308327016
159,-0.6211107933608642,-0.6784014485124491,-1.2637541249997057,-0.7316434126904536,-0.13509809977245604,1.2679567654305113
160,-0.6211107933608642,-0.12129072802802056,-0.15834358214113028,1.3650063669598012,-1.693782724988873,0.08585260856536536
161,-0.6211107933608642,-0.12129072802802056,0.7897515229055174,-0.7316434126904536,-0.45957763850211647,0.6159107048142842
162,1.6079223342145736,1.6717650357421792,0.4302100036352657,-0.7316434126904536,-0.44410545369048005,1.033626605343334
163,-0.6211107933608642,-0.12129072802802056,0.8529382757352504,-0.7316434126904536,-0.3628270028209186,-0.9594951604830417
164,-0.6211107933608642,-0.6784014485124491,-1.2273981064246606,-0.7316434126904536,0.35082857076199225,1.179828298552917
165,-0.6211107933608642,-0.12129072802802056,1.496276188165415,1.3650063669598012,2.1085164103804552,-0.5946395620797206
166,1.6079223342145736,0.8501127572285249,1.5287776933141752,1.3650063669598012,0.12937406108314703,0.4537356047285625
167,-0.6211107933608642,1.6717650357421792,-0.38027868751065663,-0.7316434126904536,-0.10872656310020293,-0.9705127357663278
168,1.6079223342145736,0.385866399907903,-0.5043977490181055,-0.7316434126904536,0.8651589773952888,0.7007600062109757
169,1.6079223342145736,1.2771752620470103,-0.9116393104841403,-0.7316434126904536,1.200952931198339,-0.730979270822364
170,1.6079223342145736,1.2771752620470103,-0.9677312805079991,-0.7316434126904536,-0.45069563755108283,1.3730509542617266
171,1.6079223342145736,1.2771752620470103,1.6401378006953204,1.3650063669598012,1.0536058345089077,0.6427656473308463
172,-0.6211107933608642,0.8501127572285249,1.3760162009347274,1.3650063669598012,0.5136527450450638,-0.1986749769940323
173,-0.6211107933608642,-0.12129072802802056,-0.4064736053047806,-0.7316434126904536,-0.8351227166294475,1.3730509542617149
174,-0.6211107933608642,-0.12129072802802056,-0.7861994049787866,-0.7316434126904536,-0.37348652044246566,0.25856505785956896
175,1.6079223342145736,0.385866399907903,-1.209692760937882,-0.7316434126904536,-0.6066024673665328,0.6159107048142842
176,-0.6211107933608642,-0.6784014485124491,-0.05322292973035126,1.3650063669598012,-1.6756356920771136,-1.0415877769165445
177,1.6079223342145736,0.385866399907903,-0.7765484488835809,-0.7316434126904536,1.4132924028461347,-0.1986749769940323
178,-0.6211107933608642,-0.12129072802802056,0.3739675391309777,1.3650063669598012,-0.5599480182307841,-1.956934929990366
179,-0.6211107933608642,2.0377978882647083,1.2202173786667931,-0.7316434126904536,0.8594541892975077,0.08585260856536536
180,-0.6211107933608642,-0.12129072802802056,0.7803514764640954,1.3650063669598012,1.0663920301823206,-1.6446106201691078
181,1.6079223342145736,-1.9799040890714703,-1.1672146528628184,-0.7316434126904536,1.1940438414018513,-0.1986749769940323
182,-0.6211107933608642,0.8501127572285249,-0.7695446986195881,-0.7316434126904536,0.7585270892443324,-0.8432866929566003
183,-0.6211107933608642,-0.6784014485124491,-1.2737397738171437,-0.7316434126904536,-1.996208357864102,0.7007600062109757
184,-0.6211107933608642,-0.6784014485124491,-1.2384401288048452,-0.7316434126904536,0.5623920474775679,0.25856505785956896
185,-0.6211107933608642,-0.6784014485124491,-0.1257939812017788,-0.7316434126904536,1.0796054049977946,0.6159107048142842
186,-0.6211107933608642,-0.6784014485124491,-0.10379769344506208,1.3650063669598012,-2.0967190054335854,-0.017129758289384598
187,-0.6211107933608642,-0.12129072802802056,-0.15915361978525316,1.3650063669598012,-1.6565187452244263,0.3010687663611823
188,-0.6211107933608642,-0.12129072802802056,0.34860902696878776,1.3650063669598012,-1.2107039104393627,-0.5593785087254314
189,1.6079223342145736,-0.6784014485124491,1.50842184687185,1.3650063669598012,-0.43140582177319065,0.8783986027270128
190,-0.6211107933608642,0.8501127572285249,1.4294575648881123,1.3650063669598012,1.0243431626314603,-0.5946395620797206
191,-0.6211107933608642,-0.6784014485124491,-1.2607131799430669,-0.7316434126904536,0.664798881925385,-0.3734345076757216
192,1.6079223342145736,2.3785589996083747,1.0323759613412047,-0.7316434126904536,0.11284632754327552,-1.1721064427598205
193,-0.6211107933608642,-0.6784014485124491,0.880217887044555,1.3650063669598012,2.1332164927177706,0.08861345800081737
194,-0.6211107933608642,0.385866399907903,-0.11955881025459282,1.3650063669598012,-1.3537667776421292,-1.6402784221173723
195,1.6079223342145736,-1.9799040890714703,-0.9518085650139496,-0.7316434126904536,-0.14741156696640279,0.6535513804951756
196,-0.6211107933608642,-0.6784014485124491,0.26821238138681,1.3650063669598012,-0.2924180632097047,-1.6713920739843706
197,-0.6211107933608642,-0.6784014485124491,-1.2719155702266143,-0.7316434126904536,0.30428746944666807,1.1136509308327016
198,-0.6211107933608642,-0.12129072802802056,1.7058753090354717,1.3650063669598012,1.1340797358928607,-0.3512742131066192
199,-0.6211107933608642,1.2771752620470103,1.4767771775003196,1.3650063669598012,-0.5258163451263049,-0.6432883337316287
200,-0.6211107933608642,-1.294240590321551,0.6258028339715039,1.3650063669598012,0.9674588214038957,0.25856505785956896
201,-0.6211107933608642,0.385866399907903,-0.8741474930470676,-0.7316434126904536,-0.7369494544262291,-0.2832441789336988
202,-0.6211107933608642,0.8501127572285249,0.08415559192394312,-0.7316434126904536,1.2378970976326609,-2.1304036526191346
203,1.6079223342145736,0.385866399907903,-0.9697746751884343,-0.7316434126904536,-0.004148119870881691,0.3762515604294256
204,-0.6211107933608642,-0.6784014485124491,-1.2955498793116946,-0.7316434126904536,-0.39503634180061503,1.4864655314428825
205,1.6079223342145736,1.6717650357421792,0.7363517245344224,-0.7316434126904536,-0.6310532734524569,0.4078276836342245
206,-0.6211107933608642,-0.6784014485124491,-1.1270109746524832,-0.7316434126904536,-0.05102322541723132,-0.017129758289384598
207,-0.6211107933608642,-0.12129072802802056,-0.15425062290839148,1.3650063669598012,-1.602743411837415,0.6964560689930156
208,-0.6211107933608642,0.385866399907903,0.1357865888619823,1.3650063669598012,-0.4222016646445596,-1.6713920739843706
209,-0.6211107933608642,-0.12129072802802056,-1.1952245865543445,-0.7316434126904536,0.5332111221783392,0.8993847499991525
210,-0.6211107933608642,-0.6784014485124491,-0.02141729861131323,1.3650063669598012,-0.9707612387872822,-0.1986749769940323
211,-0.6211107933608642,-0.6784014485124491,-1.2712746220121418,-0.7316434126904536,0.005978517049663887,0.7007600062109757
212,-0.6211107933608642,0.385866399907903,1.1223638200716293,-0.7316434126904536,1.8318588271404468,-2.2222369956598307
213,-0.6211107933608642,0.8501127572285249,1.5107041287011311,-0.7316434126904536,-0.5467183538275787,0.6964560689930156
214,-0.6211107933608642,0.385866399907903,1.4352656877897112,1.3650063669598012,-0.2017449712018584,-0.9594951604830417
215,1.6079223342145736,2.0377978882647083,1.1127498884685887,1.3650063669598012,0.4203208089633751,-0.017129758289384598
216,-0.6211107933608642,0.385866399907903,-0.14143433010505602,1.3650063669598012,-1.2934490201626558,-1.6582060044865503
217,-0.6211107933608642,1.2771752620470103,1.5910559631786518,1.3650063669598012,-0.37975152366053166,-0.3734345076757216
218,1.6079223342145736,2.3785589996083747,-0.26171746292770975,-0.7316434126904536,0.3246194683970279,1.650415110269996
219,1.6079223342145736,0.385866399907903,1.5058098890849685,1.3650063669598012,-0.8138417660624321,1.2679567654305113
220,1.6079223342145736,0.8501127572285249,1.5458744691680553,1.3650063669598012,0.5872236978087606,-0.9982351027776758
221,-0.6211107933608642,-0.6784014485124491,-0.15593089883200023,1.3650063669598012,-1.1755357074920403,0.6964560689930156
222,-0.6211107933608642,0.8501127572285249,0.30743433870010123,1.3650063669598012,-1.3900824215049046,-0.5946395620797206
223,1.6079223342145736,-1.9799040890714703,0.7132812886884552,-0.7316434126904536,2.530481615499886,-0.1986749769940323
224,-0.6211107933608642,-1.9799040890714703,1.3524739567631643,-0.7316434126904536,-0.4020521957736915,1.4814337103911073
225,-0.6211107933608642,-0.6784014485124491,-1.2371445664981284,-0.7316434126904536,1.0803493813770806,1.179828298552917
226,-0.6211107933608642,0.8501127572285249,-1.1884922899249617,-0.7316434126904536,0.8983290503852067,-0.5537891591835792
227,-0.6211107933608642,0.8501127572285249,-1.050863446166163,-0.7316434126904536,2.161564338000866,0.8993847499991525
228,-0.6211107933608642,-0.6784014485124491,0.8438398732324528,1.3650063669598012,-1.3021640237756458,-0.3734345076757216
229,-0.6211107933608642,-1.294240590321551,1.5355036477093467,-0.7316434126904536,-1.1703210481485962,-1.6582060044865503
230,-0.6211107933608642,-0.12129072802802056,-0.463006231474393,-0.7316434126904536,0.13062220262924326,0.6964560689930156
231,-0.6211107933608642,0.385866399907903,1.1655888130251641,1.3650063669598012,-0.10090335103886576,-2.1087574266883475
232,-0.6211107933608642,-0.6784014485124491,-0.09286932726365987,1.3650063669598012,-1.664454929476586,1.4769984347864988
233,-0.6211107933608642,-0.6784014485124491,-1.276051309819686,-0.7316434126904536,-0.6641996573183249,-0.730979270822364
234,1.6079223342145736,1.6717650357421792,-0.5884690268960349,-0.7316434126904536,1.2082060429152695,-1.4586423614509454
235,-0.6211107933608642,-0.6784014485124491,-1.2594228036286077,-0.7316434126904536,0.5241783484129766,0.6159107048142842
236,-0.6211107933608642,-0.6784014485124491,0.4730139522159037,1.3650063669598012,-0.8045104097241614,-1.8097915553464605
237,-0.6211107933608642,-0.12129072802802056,-0.09517039185731609,1.3650063669598012,-0.2390008383712689,-0.1986749769940323
238,-0.6211107933608642,-0.6784014485124491,0.1881124637578119,1.3650063669598012,-0.7627256456332137,-0.5537891591835792
239,-0.6211107933608642,-0.6784014485124491,0.16870678959892207,1.3650063669598012,-2.373505161577325,-0.16658290995125666
240,-0.6211107933608642,-0.6784014485124491,-1.271166920380437,-0.7316434126904536,0.05203053370930481,0.19263085314716574
241,-0.6211107933608642,-0.6784014485124491,-1.2644546714640335,-0.7316434126904536,0.10211321075805964,1.0672135957978015
242,-0.6211107933608642,-0.12129072802802056,-1.1145510797234213,-0.7316434126904536,-0.607539554280985,-0.017129758289384598
243,-0.6211107933608642,1.2771752620470103,1.6705660350124172,1.3650063669598012,1.7175358922108404,0.25856505785957934
244,1.6079223342145736,0.8501127572285249,0.6901286106144768,1.3650063669598012,-0.4865030284669733,0.22811457488596912
245,-0.6211107933608642,0.8501127572285249,0.9114847381232191,-0.7316434126904536,-0.24714277471666288,-1.2677514805867083
246,-0.6211107933608642,-0.12129072802802056,-0.14240522860718066,1.3650063669598012,-1.8896404062509207,1.5200977762696857
247,1.6079223342145736,2.3785589996083747,0.7816955131159801,-0.7316434126904536,2.669748225768335,-0.3932062413842197
248,-0.6211107933608642,-1.294240590321551,1.535498414816064,-0.7316434126904536,-0.6312284693166632,-0.5537891591835792
249,1.6079223342145736,1.6717650357421792,1.5093215401909545,-0.7316434126904536,-0.37209426971148557,-0.2607386223593294
250,-0.6211107933608642,-0.6784014485124491,-1.1227473144917008,-0.7316434126904536,0.29324285715225823,0.3010687663611823
251,1.6079223342145736,1.2771752620470103,0.15709407919159843,-0.7316434126904536,1.732106988591088,-0.18540235423633897
252,-0.6211107933608642,-0.6784014485124491,-0.8718998413098965,-0.7316434126904536,0.8320333144261944,0.9713632790775769
253,-0.6211107933608642,-0.6784014485124491,-1.2831960119095387,-0.7316434126904536,-0.3875447924577298,-0.3512742131066192
254,-0.6211107933608642,0.8501127572285249,-1.1401749890031783,-0.7316434126904536,0.5948224154278839,-0.017129758289384598
255,1.6079223342145736,0.8501127572285249,0.24544374355433315,1.3650063669598012,-1.8761120398397473,0.6159107048142842
256,-0.6211107933608642,1.2771752620470103,1.6769862691411404,1.3650063669598012,1.877775525732105,-0.8432866929566003
257,1.6079223342145736,1.2771752620470103,-0.8147481896554799,-0.7316434126904536,-0.6974335456967695,1.1136509308327016
258,-0.6211107933608642,-0.6784014485124491,-1.140217899623054,-0.7316434126904536,1.0597457704075846,1.5932148129034212
259,-0.6211107933608642,-1.9799040890714703,1.5216474957529746,-0.7316434126904536,-1.808223607014706,1.3933353826681139
260,-0.6211107933608642,-0.12129072802802056,-0.14612183493790787,1.3650063669598012,-1.7027121756649608,-0.017129758289384598
261,-0.6211107933608642,-0.6784014485124491,1.4147002378866678,-0.7316434126904536,0.6369858378461636,-0.22577754091985966
262,-0.6211107933608642,-1.294240590321551,0.7887980703435822,1.3650063669598012,-0.31509170781487555,0.3762515604294256
263,-0.6211107933608642,0.385866399907903,-1.0357639073818123,-0.7316434126904536,-0.3156994249923048,0.6427656473308463
264,-0.6211107933608642,0.385866399907903,0.7283908824723555,-0.7316434126904536,1.5426111187412213,-0.9334148024645004
265,1.6079223342145736,0.8501127572285249,1.6214852615296897,1.3650063669598012,1.2320759808193578,-0.3734345076757216
266,1.6079223342145736,0.8501127572285249,0.1989123174796601,-0.7316434126904536,-0.24550264352119708,0.8993847499991525
267,-0.6211107933608642,-1.294240590321551,0.46987937698958027,1.3650063669598012,-0.029655201216493576,-1.7402635475602433
268,-0.6211107933608642,1.6717650357421792,1.0073419821894958,-0.7316434126904536,-1.3508649699352067,-0.49620351222987524
269,-0.6211107933608642,-0.6784014485124491,-1.2662930636032275,-0.7316434126904536,0.16762442958506213,0.6427656473308463
270,-0.6211107933608642,0.8501127572285249,1.134774955328812,1.3650063669598012,0.599032025473077,0.5335960625098712
271,1.6079223342145736,-0.6784014485124491,0.0648750560314158,1.3650063669598012,-1.3637006765591315,0.8993847499991525
272,-0.6211107933608642,-0.6784014485124491,-1.2413405012700043,-0.7316434126904536,-0.22258614368452678,-0.017129758289384598
273,1.6079223342145736,-1.9799040890714703,-0.95386369065498,-0.7316434126904536,0.6433879596085005,-1.4857136577721817
274,-0.6211107933608642,-0.12129072802802056,-1.1107452486186957,-0.7316434126904536,-0.8254044228447718,-1.2024792831693745
275,1.6079223342145736,2.0377978882647083,1.3562861232480643,-0.7316434126904536,0.8589186160157869,-0.18540235423633897
276,-0.6211107933608642,0.385866399907903,-0.19367117359105437,-0.7316434126904536,-0.022253051058349932,1.179828298552917
277,1.6079223342145736,0.8501127572285249,1.678342948666501,1.3650063669598012,1.8604883404006187,0.25856505785956896
278,-0.6211107933608642,-0.6784014485124491,-1.2006231148288211,-0.7316434126904536,0.6512191984791865,0.7882272442423512
279,1.6079223342145736,-1.9799040890714703,-0.179793546467553,-0.7316434126904536,0.1597675819240697,-0.9334148024645004
280,-0.6211107933608642,-0.12129072802802056,-0.45549812126544736,-0.7316434126904536,-0.9126140959310821,-0.3734345076757216
281,-0.6211107933608642,1.6717650357421792,1.4500461881943445,1.3650063669598012,0.8077629726630511,-1.6582060044865503
282,-0.6211107933608642,1.6717650357421792,1.2097541327764083,-0.7316434126904536,1.4468661523366917,-0.017129758289384598
283,-0.6211107933608642,0.385866399907903,0.7343795583847862,-0.7316434126904536,-0.8283942654855113,-0.1986749769940323
284,-0.6211107933608642,0.385866399907903,0.4838017927428777,1.3650063669598012,1.6575901992939934,0.08861345800081737
285,1.6079223342145736,2.0377978882647083,1.6552488926759983,1.3650063669598012,1.4922727257971797,0.1573187652260711
286,-0.6211107933608642,-1.9799040890714703,0.8435325662064745,-0.7316434126904536,0.5009146661424714,-0.1986749769940323
287,-0.6211107933608642,-0.12129072802802056,1.5352584192671186,-0.7316434126904536,-0.7042312666176653,-1.6713920739843706
288,1.6079223342145736,0.8501127572285249,0.7544971925356034,1.3650063669598012,1.1811265996772908,-1.5515739661442542
289,-0.6211107933608642,-0.6784014485124491,-1.2861738904209155,-0.7316434126904536,-0.003924581155713189,1.1136509308327016
290,1.6079223342145736,1.6717650357421792,-0.2949773920411729,-0.7316434126904536,0.358427835112464,-0.5035067442603315
291,-0.6211107933608642,-0.12129072802802056,-1.1377445373138115,-0.7316434126904536,1.112320154880139,0.6964560689930156
292,-0.6211107933608642,1.6717650357421792,1.6441647984166032,1.3650063669598012,1.3340744744306448,1.650415110269996
293,-0.6211107933608642,0.385866399907903,0.22726276963839667,1.3650063669598012,-0.5302069823779257,1.2203633400369696
294,-0.6211107933608642,-1.294240590321551,1.2009541504750196,1.3650063669598012,0.565421628135334,-1.194569818769224
295,-0.6211107933608642,-1.294240590321551,0.6287635423850333,-0.7316434126904536,-0.7580793607468391,-0.8432866929566003
296,-0.6211107933608642,0.8501127572285249,1.087704366467469,-0.7316434126904536,0.410978962115075,0.6964560689930156
297,-0.6211107933608642,0.8501127572285249,0.4286071160303279,1.3650063669598012,-0.2647048164963338,0.9713632790775769
298,-0.6211107933608642,-0.6784014485124491,-0.29931277892016805,-0.7316434126904536,-0.5192133588873528,0.6964560689930156
299,1.6079223342145736,1.2771752620470103,0.08253724632919479,1.3650063669598012,0.23085857441567667,1.179828298552917
300,1.6079223342145736,-1.9799040890714703,0.46297208394085737,-0.7316434126904536,-0.6916725505089796,-0.9982351027776758
301,-0.6211107933608642,-0.6784014485124491,0.07364989980850033,1.3650063669598012,-0.5609238867321439,-0.8952333327144962
302,-0.6211107933608642,-1.294240590321551,1.5347783307089118,1.3650063669598012,0.8137838805934537,1.1136509308327016
303,1.6079223342145736,0.8501127572285249,-0.7096810327798554,-0.7316434126904536,-0.2251275221774304,-1.6079330366318203
304,-0.6211107933608642,-1.9799040890714703,1.23616533863386,1.3650063669598012,0.4517754656307815,-1.274538467812824
305,-0.6211107933608642,-0.12129072802802056,-0.5069419909159647,-0.7316434126904536,-0.3316321262697743,-1.824084173148164
306,1.6079223342145736,1.6717650357421792,-0.27768560010682514,-0.7316434126904536,-0.48933650215927604,-1.6079330366318203
307,-0.6211107933608642,-0.12129072802802056,0.31870285121269554,1.3650063669598012,-0.008067398164232275,0.08585260856536536
308,-0.6211107933608642,-1.9799040890714703,-1.028202209989082,-0.7316434126904536,-1.1878504745472636,-0.9705127357663278
309,-0.6211107933608642,-0.12129072802802056,0.7281751203841178,1.3650063669598012,-0.6777094967962503,0.021933032925590887
310,1.6079223342145736,0.8501127572285249,1.338212477296136,1.3650063669598012,0.4835096350500214,-0.017129758289384598
311,1.6079223342145736,-1.9799040890714703,-1.0529200204329487,-0.7316434126904536,-0.24256307296960394,1.650415110269996
312,-0.6211107933608642,0.385866399907903,-0.6114577281068683,-0.7316434126904536,0.8400481388322572,-0.18540235423633897
313,-0.6211107933608642,-0.12129072802802056,1.5612610247383953,1.3650063669598012,-0.3956640328058855,-0.10560482907875818
314,-0.6211107933608642,-0.6784014485124491,-1.0142409723664305,-0.7316434126904536,0.3605634822645725,0.7882272442423512
315,1.6079223342145736,-0.6784014485124491,0.6185766375344844,1.3650063669598012,-0.9222336724460675,0.6964560689930156
316,-0.6211107933608642,-0.12129072802802056,-0.9990308637917684,-0.7316434126904536,0.03493895722659756,-0.9982351027776758
317,1.6079223342145736,-1.9799040890714703,-1.2775931294585727,-0.7316434126904536,-0.6471572754192484,1.4864655314428825
318,-0.6211107933608642,-0.6784014485124491,0.6684665264201405,1.3650063669598012,-0.12224210286603719,0.021933032925590887
319,-0.6211107933608642,-0.12129072802802056,-0.37280760871890445,-0.7316434126904536,-0.363585329589329,-1.194569818769224
320,-0.6211107933608642,-0.12129072802802056,0.03887700865186907,1.3650063669598012,0.4513883695985357,-0.1986749769940323
321,-0.6211107933608642,-1.9799040890714703,-0.11683000395887644,-0.7316434126904536,-1.084354701786135,0.5335960625098712
322,-0.6211107933608642,1.6717650357421792,1.6825514580172984,1.3650063669598012,1.1439756470822007,1.650415110269996
323,1.6079223342145736,0.385866399907903,1.6710889140331813,1.3650063669598012,0.05027828605871871,0.4537356047285625
324,-0.6211107933608642,-0.12129072802802056,-0.048758494136975784,1.3650063669598012,-1.0939113168664272,0.021933032925590887
325,-0.6211107933608642,1.6717650357421792,-0.9922664246833341,-0.7316434126904536,1.4009180043193985,-0.017129758289384598
326,-0.6211107933608642,-1.9799040890714703,-0.21839297444734712,-0.7316434126904536,-0.2589131959489161,-0.6414174261734236
327,1.6079223342145736,0.8501127572285249,1.5229729041664257,1.3650063669598012,0.26780099106907945,-0.017129758289384598
328,-0.6211107933608642,0.8501127572285249,1.502732090890516,-0.7316434126904536,0.7167036756162282,-1.6435255995854345
329,-0.6211107933608642,-1.9799040890714703,1.6043473586304395,1.3650063669598012,0.021469238875436458,0.6427656473308463
330,1.6079223342145736,1.2771752620470103,-0.6673280322703052,-0.7316434126904536,-0.2943005614941945,-0.004581805777523192
331,1.6079223342145736,-1.9799040890714703,1.402010255000013,-0.7316434126904536,0.12065036967650127,1.033626605343334
332,-0.6211107933608642,-0.12129072802802056,-1.216913452678114,-0.7316434126904536,-0.07555051252870104,1.1136509308327016
333,-0.6211107933608642,0.385866399907903,-0.09633566308581216,1.3650063669598012,0.4047123754935609,-1.3956755759538837
334,1.6079223342145736,-1.9799040890714703,0.6315311891883685,-0.7316434126904536,0.5016847591498538,0.0858526085653471
335,-0.6211107933608642,-0.6784014485124491,-1.2981372321598081,-0.7316434126904536,-0.06143225185101267,0.6427656473308463
336,-0.6211107933608642,0.8501127572285249,1.4752295846284191,-0.7316434126904536,0.5537008393599846,-1.9695665388798862
337,1.6079223342145736,0.8501127572285249,1.292338496176002,-0.7316434126904536,0.29189060466916655,0.0858526085653471
338,1.6079223342145736,2.0377978882647083,1.5837245423269124,1.3650063669598012,1.4774531521550438,0.0858526085653471
339,-0.6211107933608642,-0.12129072802802056,0.06517190183244372,1.3650063669598012,-0.7593826509335695,-0.9594951604830417
340,-0.6211107933608642,-0.6784014485124491,0.006586984323648322,1.3650063669598012,-0.48402189336281476,-0.1986749769940323
341,-0.6211107933608642,0.8501127572285249,-1.0783862892866143,-0.7316434126904536,0.16369931218336634,-0.496877373453881
342,1.6079223342145736,-1.9799040890714703,-1.1102441958688438,-0.7316434126904536,-0.7237282522216717,0.6427656473308463
343,-0.6211107933608642,0.8501127572285249,-1.1809188984253949,-0.7316434126904536,-1.342227067315125,-0.7738441743361559
344,1.6079223342145736,1.6717650357421792,-0.1958209901947129,-0.7316434126904536,1.5338119503389622,-1.5689686157777327
345,1.6079223342145736,0.8501127572285249,0.5359985953788542,-0.7316434126904536,-0.34967635220228505,0.6427656473308463
346,1.6079223342145736,1.6717650357421792,1.2632509207960312,-0.7316434126904536,-0.2738625018309947,-1.0562953908118904
347,-0.6211107933608642,-0.12129072802802056,-0.68431053943921,-0.7316434126904536,-1.2594568360355731,1.5932148129034212
348,-0.6211107933608642,-0.6784014485124491,-0.6573698022373051,-0.7316434126904536,1.3220986849519671,-1.3524669390300585
349,-0.6211107933608642,-0.6784014485124491,-1.2811332899825523,-0.7316434126904536,0.41479254973350255,1.4864655314428825
350,1.6079223342145736,-1.294240590321551,1.5776635125290994,1.3650063669598012,-1.1330306140200919,-0.017129758289384598
351,1.6079223342145736,0.385866399907903,-0.7529925891457366,-0.7316434126904536,0.5467880966625047,-0.004581805777523192
352,-0.6211107933608642,0.8501127572285249,-0.24231513594656764,-0.7316434126904536,1.0219169291200512,-0.3932062413842197
353,1.6079223342145736,1.2771752620470103,-0.9307023456525706,-0.7316434126904536,-0.509374379885702,1.033626605343334
354,-0.6211107933608642,-0.6784014485124491,-1.2521184722632122,-0.7316434126904536,0.7138396595305297,0.3010687663611823
355,-0.6211107933608642,0.8501127572285249,-0.9226279774063223,-0.7316434126904536,1.2890071427169172,-0.3512742131066192
356,-0.6211107933608642,-0.12129072802802056,0.13547352949916225,1.3650063669598012,1.3415988317005834,0.08861345800081737
357,-0.6211107933608642,0.8501127572285249,1.2342891038640278,1.3650063669598012,1.4339410519038813,-0.8432866929566003
358,-0.6211107933608642,-0.12129072802802056,-0.12365524199791482,1.3650063669598012,-2.5774893356116144,1.650415110269996
359,1.6079223342145736,0.8501127572285249,1.2210120555720225,-0.7316434126904536,0.820666129637566,-0.5819979994958134
360,-0.6211107933608642,-0.6784014485124491,-0.12541862239239246,1.3650063669598012,-1.0394727941455306,-1.5031108393363029
361,-0.6211107933608642,-0.6784014485124491,-0.11121400204303807,1.3650063669598012,-1.499583090183802,-0.3932062413842197
362,-0.6211107933608642,-1.294240590321551,1.1860915424563518,-0.7316434126904536,0.7019094144856847,0.5335960625098712
363,1.6079223342145736,1.6717650357421792,1.090781670150202,-0.7316434126904536,-1.1567897205016568,0.4078276836342245
364,-0.6211107933608642,-0.12129072802802056,0.5716413636567962,1.3650063669598012,1.06066061846518,-2.0365495175467356
365,-0.6211107933608642,0.8501127572285249,1.2794964236552502,-0.7316434126904536,0.3695243645152879,-1.2677514805867165
366,1.6079223342145736,0.385866399907903,-0.8354547088405152,-0.7316434126904536,-0.4294796317148125,1.4864655314428825
367,1.6079223342145736,2.3785589996083747,1.6414362678325878,1.3650063669598012,1.5080382142654924,0.6159107048142842
368,-0.6211107933608642,-0.6784014485124491,-1.3093953438465487,-0.7316434126904536,-0.3959613784607806,0.8993847499991525
369,-0.6211107933608642,-0.6784014485124491,-1.261734631327722,-0.7316434126904536,-0.9002643911341374,0.5335960625098712
370,-0.6211107933608642,0.8501127572285249,1.1965408508320345,1.3650063669598012,-1.5946573690772388,1.033626605343334
371,-0.6211107933608642,-0.6784014485124491,-0.15967980250517852,1.3650063669598012,-1.5040368449348955,-1.7577204596559208
372,-0.6211107933608642,-0.12129072802802056,-0.8675594622333805,-0.7316434126904536,-2.301343872095404,-0.8432866929566003
373,-0.6211107933608642,-0.12129072802802056,-1.1863836383966728,-0.7316434126904536,0.7859531221547136,-0.8432866929566003
374,-0.6211107933608642,-0.12129072802802056,-0.9327736709860788,-0.7316434126904536,-0.3017729350218863,1.1136509308327016
375,-0.6211107933608642,0.8501127572285249,0.5054661693405682,-0.7316434126904536,1.2449623234200622,-0.3734345076757216
376,-0.6211107933608642,-0.12129072802802056,-0.14915819381655337,1.3650063669598012,-2.306202056894575,-0.8834680494210571
377,-0.6211107933608642,-0.6784014485124491,-1.2668287310637982,-0.7316434126904536,0.1803308133159002,1.4864655314428825
378,-0.6211107933608642,-0.12129072802802056,-1.0757877108596476,-0.7316434126904536,1.2458758536352519,0.25856505785956896
379,-0.6211107933608642,-0.6784014485124491,0.6647286464931437,1.3650063669598012,-0.6763179135436423,-1.9727929296128237
380,1.6079223342145736,-0.12129072802802056,0.9705865984421645,-0.7316434126904536,-0.59601516397737,0.19263085314716574
381,-0.6211107933608642,-0.12129072802802056,-0.9032923132295653,-0.7316434126904536,0.7095495101594218,1.650415110269996
382,-0.6211107933608642,-0.6784014485124491,-1.3040115466708553,-0.7316434126904536,-0.13113061500740286,-0.004581805777523192
383,-0.6211107933608642,-0.12129072802802056,-0.9109306350358419,-0.7316434126904536,-1.0450105831261898,0.25856505785956896
384,-0.6211107933608642,-0.12129072802802056,-0.7593835012565747,-0.7316434126904536,-1.1367699013525063,0.24879080780083157
385,-0.6211107933608642,-0.6784014485124491,-1.1356996474149768,-0.7316434126904536,0.5876662243614561,-1.140858254983186
386,-0.6211107933608642,-0.6784014485124491,-1.2451553679102365,-0.7316434126904536,-0.10399368572029519,0.25856505785957934
387,1.6079223342145736,0.8501127572285249,1.5606589642050819,1.3650063669598012,0.05453238816358345,0.6964560689930156
388,1.6079223342145736,1.6717650357421792,0.7626288497271297,1.3650063669598012,-0.6169259277603539,1.033626605343334
389,-0.6211107933608642,-0.12129072802802056,0.20644525727793514,1.3650063669598012,-1.1033344493759347,-0.7738441743361559
390,-0.6211107933608642,0.8501127572285249,-0.6979093325995125,-0.7316434126904536,1.7073487756316355,1.179828298552917
391,1.6079223342145736,0.8501127572285249,-0.5399215755657958,-0.7316434126904536,0.10348523636426749,1.179828298552917
392,-0.6211107933608642,-0.6784014485124491,0.48202758476724494,1.3650063669598012,-0.13079088000934397,-1.6713920739843706
393,-0.6211107933608642,-1.9799040890714703,1.0045760846361087,-0.7316434126904536,-2.1749642528095237,-0.7575710380273465
394,1.6079223342145736,-1.9799040890714703,-1.0669769657489612,-0.7316434126904536,-0.48127479408180185,-1.3524669390300585
395,-0.6211107933608642,-0.6784014485124491,0.8276320705678044,1.3650063669598012,-0.2361298307849236,-1.1087077804400862
396,-0.6211107933608642,-0.12129072802802056,1.480935462506167,-0.7316434126904536,-0.6517650107575225,1.1136509308327016
397,1.6079223342145736,-1.9799040890714703,-0.6667707071192878,-0.7316434126904536,-2.21287855517089,1.1136509308327016
398,-0.6211107933608642,2.0377978882647083,1.6282554352485492,1.3650063669598012,2.542346271306981,-1.194569818769224
399,-0.6211107933608642,-0.6784014485124491,-1.3014669572440176,-0.7316434126904536,-0.43633544247583395,-1.274538467812824
400,-0.6211107933608642,0.8501127572285249,0.24629918283511523,1.3650063669598012,0.5221575905178935,0.6964560689930156
401,1.6079223342145736,0.8501127572285249,1.6869126605927873,1.3650063669598012,1.4988204113062868,0.6427656473308463
402,-0.6211107933608642,0.8501127572285249,0.10801561600780044,-0.7316434126904536,1.8750261658514409,-0.08103105410019111
403,-0.6211107933608642,1.6717650357421792,1.2091798717811415,1.3650063669598012,0.3939528620990904,-1.625647132081872
404,1.6079223342145736,0.385866399907903,-0.528900294737172,-0.7316434126904536,-0.18362621817226438,-0.5946395620797206
405,-0.6211107933608642,0.385866399907903,0.6275836144911804,1.3650063669598012,0.6916551582987728,-0.8432866929566003
406,-0.6211107933608642,0.8501127572285249,0.12661004427251035,-0.7316434126904536,0.23067458989741493,-0.017129758289384598
407,1.6079223342145736,2.0377978882647083,1.6241454774101474,1.3650063669598012,1.4128620361140856,1.3730509542617149
408,-0.6211107933608642,-0.6784014485124491,-1.2813732801676263,-0.7316434126904536,0.5697031583623784,0.8993847499991525
409,-0.6211107933608642,-0.12129072802802056,-0.1361210993620133,1.3650063669598012,-1.8281538229231142,1.1685986448543126
410,-0.6211107933608642,-0.6784014485124491,-0.15946910393568545,1.3650063669598012,0.047229733162773596,-1.4586423614509454
411,-0.6211107933608642,0.385866399907903,-0.014810870094474677,-0.7316434126904536,-1.176291357026229,0.6427656473308463
412,-0.6211107933608642,0.385866399907903,-0.692508253990172,-0.7316434126904536,1.004982004256279,1.650415110269996
413,-0.6211107933608642,0.385866399907903,1.4804030099951555,-0.7316434126904536,-0.9278633682425396,-0.789761342545098
414,-0.6211107933608642,-0.6784014485124491,-0.9551293196832634,-0.7316434126904536,0.09259256947651277,-0.3390364557732351
415,-0.6211107933608642,-1.294240590321551,1.5223142066075837,1.3650063669598012,0.6641370242537081,0.25856505785956896
416,-0.6211107933608642,0.8501127572285249,-0.1470466894530876,1.3650063669598012,-0.5044968732051975,-0.5537891591835792
417,-0.6211107933608642,-0.12129072802802056,-0.9446309430646892,-0.7316434126904536,-0.742735577329395,1.179828298552917
418,-0.6211107933608642,-0.12129072802802056,0.9797492229425444,1.3650063669598012,-0.5602592927100926,-0.017129758289384598
419,-0.6211107933608642,-0.6784014485124491,-1.3050409936961358,-0.7316434126904536,-0.7549415264931926,-1.1899414369382633
420,-0.6211107933608642,-0.12129072802802056,1.6678831917580006,1.3650063669598012,0.509480356199647,0.6964560689930156
421,-0.6211107933608642,0.385866399907903,0.5847200748496619,-0.7316434126904536,1.0476459952643362,-1.5515739661442542
422,-0.6211107933608642,-0.6784014485124491,-1.2638668566710207,-0.7316434126904536,0.21417071541626037,0.4078276836342245
423,-0.6211107933608642,-0.12129072802802056,-0.7312596899901405,-0.7316434126904536,1.3376207331257606,0.6427656473308463
424,-0.6211107933608642,-0.6784014485124491,-1.1300641108192129,-0.7316434126904536,0.9296751204214799,-0.16658290995125666
425,-0.6211107933608642,0.385866399907903,0.07833222572378673,1.3650063669598012,-1.2617677346981806,-0.017129758289384598
426,-0.6211107933608642,0.8501127572285249,-0.07841648719474612,1.3650063669598012,-0.5961936618103598,-1.7796377697927854
427,-0.6211107933608642,-0.6784014485124491,-1.3379835205823287,-0.7316434126904536,-0.23276601029634092,0.4078276836342245
428,-0.6211107933608642,-0.6784014485124491,0.21582105861819964,1.3650063669598012,-0.9246744259731935,1.650415110269996
429,-0.6211107933608642,0.8501127572285249,0.8388098786956764,-0.7316434126904536,0.10639399004879298,-2.0862746484385815
430,1.6079223342145736,1.2771752620470103,1.606371096437094,1.3650063669598012,0.3242971794171065,0.6427656473308463
431,-0.6211107933608642,-0.6784014485124491,-0.9892882808184825,-0.7316434126904536,0.9794859994316132,1.4864655314428825
432,1.6079223342145736,0.385866399907903,-1.0238923683485077,-0.7316434126904536,-0.6702826794622327,0.08861345800081737
433,-0.6211107933608642,-0.6784014485124491,-1.254507766408621,-0.7316434126904536,-0.8722188605556153,0.3762515604294256
434,-0.6211107933608642,-0.6784014485124491,-0.8063636505786383,-0.7316434126904536,0.41472116385283303,-0.6414174261734236
435,1.6079223342145736,-1.9799040890714703,-0.7504439282032045,-0.7316434126904536,-1.4423150435250056,0.05328424450181495
436,-0.6211107933608642,-1.294240590321551,0.5919586783833869,1.3650063669598012,-0.10308940555863087,-2.16919955687609
437,-0.6211107933608642,1.6717650357421792,1.4733909690541849,-0.7316434126904536,0.12657986300938423,-0.5537891591835792
438,-0.6211107933608642,0.385866399907903,0.06324516830755017,-0.7316434126904536,0.9603800839539425,0.4537356047285625
439,-0.6211107933608642,-0.6784014485124491,-1.3247715232146084,-0.7316434126904536,-0.9556350307009986,1.179828298552917
440,1.6079223342145736,0.385866399907903,0.10103727551128934,-0.7316434126904536,-0.3714602107203972,-0.1986749769940323
441,-0.6211107933608642,-0.6784014485124491,-0.003735679043257811,1.3650063669598012,-1.1465602269763375,-1.2677514805867165
442,-0.6211107933608642,-0.12129072802802056,-1.2266590641493735,-0.7316434126904536,-0.1043183660261598,-0.8559345372953105
443,-0.6211107933608642,-0.12129072802802056,-0.8794526207179815,-0.7316434126904536,0.37304079325063116,-0.5537891591835792
444,1.6079223342145736,-0.6784014485124491,1.34060282447156,1.3650063669598012,1.5447116070722358,0.021933032925590887
445,1.6079223342145736,1.2771752620470103,1.6743640593104658,1.3650063669598012,0.9916588507739039,0.6159107048142842
446,-0.6211107933608642,-0.6784014485124491,-0.1596793246300741,1.3650063669598012,-3.1488795357813393,-2.0826503608474147
447,-0.6211107933608642,-0.6784014485124491,-1.1916562026693696,-0.7316434126904536,0.06351815016207832,1.179828298552917
448,-0.6211107933608642,-0.12129072802802056,-0.8322103693548525,-0.7316434126904536,0.12678072597016513,0.6427656473308463
449,-0.6211107933608642,1.6717650357421792,1.6855333578830065,1.3650063669598012,1.3881067018755582,0.19263085314716574
450,-0.6211107933608642,-0.6784014485124491,-1.0486937278039294,-0.7316434126904536,0.2984763855091335,0.021933032925590887
451,-0.6211107933608642,-0.6784014485124491,-1.315781255681046,-0.7316434126904536,0.02906174329879464,-0.8432866929566003
452,-0.6211107933608642,-0.12129072802802056,1.6568489169363003,1.3650063669598012,0.30730904200337616,1.3730509542617149
453,-0.6211107933608642,-0.12129072802802056,-0.6900216558081441,-0.7316434126904536,-0.004634369059553959,-0.017129758289384598
454,1.6079223342145736,-1.9799040890714703,0.9044444922241233,-0.7316434126904536,-2.1991668915492535,-1.5515739661442542
455,-0.6211107933608642,-0.12129072802802056,-0.9565501096153057,-0.7316434126904536,0.543114599400383,1.179828298552917
456,-0.6211107933608642,0.385866399907903,-0.1285946814704211,1.3650063669598012,-1.2726714937926227,1.650415110269996
457,-0.6211107933608642,0.8501127572285249,0.2835290011392958,-0.7316434126904536,-0.013984712332244985,0.25856505785957934
458,-0.6211107933608642,-0.6784014485124491,-1.1738437216529582,-0.7316434126904536,-0.5149078355811889,0.22811457488595926
459,-0.6211107933608642,-0.12129072802802056,-0.1416961308422866,1.3650063669598012,-1.790826788659235,-1.4062226410137995
460,-0.6211107933608642,-0.6784014485124491,1.1537378410796546,-0.7316434126904536,-2.2868597462197005,-0.496877373453881
461,1.6079223342145736,-1.9799040890714703,0.1636586565632825,-0.7316434126904536,-0.9665430390884459,-0.5819979994958134
462,-0.6211107933608642,-0.6784014485124491,-1.3098135823380885,-0.7316434126904536,-0.9052453438859895,-0.3734345076757216
463,1.6079223342145736,0.385866399907903,0.13099213166020077,-0.7316434126904536,-0.8871705298405838,-1.6582060044865503
464,1.6079223342145736,0.385866399907903,-1.0482954975601915,-0.7316434126904536,-0.2889457916703356,1.650415110269996
465,1.6079223342145736,-1.9799040890714703,1.130623066270727,-0.7316434126904536,-0.3881105364383287,-1.2320028638482525
466,-0.6211107933608642,-0.6784014485124491,-1.2249318019949151,-0.7316434126904536,-0.5463897654939561,1.1136509308327016
467,-0.6211107933608642,-0.6784014485124491,-1.29644395438487,-0.7316434126904536,-0.7123857044504796,0.7882272442423512
468,-0.6211107933608642,1.6717650357421792,-0.8995010587218217,-0.7316434126904536,1.345274932357895,1.179828298552917
469,1.6079223342145736,1.2771752620470103,0.7587971589716224,1.3650063669598012,2.5583618160045902,0.3762515604294256
470,-0.6211107933608642,0.385866399907903,1.401247198933187,-0.7316434126904536,0.13235466367243592,-0.1986749769940323
471,-0.6211107933608642,0.8501127572285249,0.8954416335642834,-0.7316434126904536,0.030639703334217724,-2.0142581296883617
472,-0.6211107933608642,2.0377978882647083,-0.5629140872297581,-0.7316434126904536,2.5865184514427657,-1.2024792831693745
473,-0.6211107933608642,1.2771752620470103,-0.8709808390726158,-0.7316434126904536,1.0261189450081638,-0.5537891591835792
474,-0.6211107933608642,-0.12129072802802056,0.8840094343029197,-0.7316434126904536,1.9682273011589646,0.4537356047285625
475,-0.6211107933608642,-0.6784014485124491,-1.09143607025059,-0.7316434126904536,1.28597688134663,1.3730509542617149
476,-0.6211107933608642,-0.6784014485124491,0.12414360659893607,-0.7316434126904536,-1.0052216443199762,0.3762515604294256
477,1.6079223342145736,0.8501127572285249,1.4825004151810401,1.3650063669598012,0.13821590733654107,-0.004581805777523192
478,1.6079223342145736,-1.9799040890714703,-0.8678714224548658,-0.7316434126904536,-0.3960367778101388,-0.1986749769940323
479,1.6079223342145736,-1.9799040890714703,0.14129916182467192,-0.7316434126904536,-0.3918822040918854,-0.496877373453881
480,-0.6211107933608642,-0.6784014485124491,0.47132497385765854,-0.7316434126904536,-0.3620283423255002,0.9713632790775769
481,-0.6211107933608642,-0.6784014485124491,0.1031395217513673,1.3650063669598012,0.30131493242289475,1.650415110269996
482,1.6079223342145736,0.385866399907903,-0.3999754932594722,-0.7316434126904536,0.12590004627262602,-1.6609211332405591
483,-0.6211107933608642,-0.6784014485124491,-1.2264256937512765,-0.7316434126904536,-0.022437961180377202,1.1136509308327016
484,-0.6211107933608642,-0.12129072802802056,-1.0541659185845842,-0.7316434126904536,1.1158836010817605,0.6964560689930156
485,-0.6211107933608642,0.385866399907903,0.2571263070440071,1.3650063669598012,-1.0318061728710741,-2.207579049381607
486,-0.6211107933608642,-0.12129072802802056,0.9575140928865506,1.3650063669598012,0.6216883499858906,-1.4586423614509454
487,-0.6211107933608642,1.6717650357421792,1.5251559593908735,-0.7316434126904536,-0.7338483135663677,-0.3734345076757216
488,-0.6211107933608642,0.8501127572285249,1.5331212125045932,-0.7316434126904536,-0.6718152048300763,0.4414445379377339
489,-0.6211107933608642,-0.6784014485124491,-1.2106571956811958,-0.7316434126904536,0.4265435827651403,1.4864655314428825
490,-0.6211107933608642,-1.294240590321551,1.519969439242622,-0.7316434126904536,-0.0835511007138982,-0.39320624138421234
491,-0.6211107933608642,-0.12129072802802056,-1.079340413994586,-0.7316434126904536,0.9974249152537101,-0.017129758289384598
492,1.6079223342145736,0.385866399907903,-0.7895620865273315,-0.7316434126904536,-0.29794185629610653,1.650415110269996
493,1.6079223342145736,0.8501127572285249,-0.8593812025492792,-0.7316434126904536,-0.49183197681926555,1.4864655314428825
494,1.6079223342145736,0.8501127572285249,0.9933647431660376,1.3650063669598012,-0.7071218296464787,1.3730509542617149
495,-0.6211107933608642,-0.6784014485124491,-1.3431468383466787,-0.7316434126904536,-0.6408994884767589,-1.4242842860296956
496,-0.6211107933608642,-1.294240590321551,1.31516246319662,-0.7316434126904536,0.4710059673850738,-0.10560482907875818
497,1.6079223342145736,-1.9799040890714703,-1.0698162699146692,-0.7316434126904536,1.5510143434343053,-0.44580370490182497
498,-0.6211107933608642,-0.6784014485124491,-1.223495810105951,-0.7316434126904536,-0.21928240761431844,0.3010687663611823
499,-0.6211107933608642,-0.12129072802802056,-0.05552242956945527,1.3650063669598012,-1.4872941598156475,-0.1986749769940323
500,-0.6211107933608642,0.385866399907903,1.3753879534525308,-0.7316434126904536,0.21923661901988323,0.9713632790775769
501,-0.6211107933608642,-0.6784014485124491,-1.17333080158205,-0.7316434126904536,-0.7045536193270923,-0.8154835071966775
502,-0.6211107933608642,0.8501127572285249,-1.0383704469559556,-0.7316434126904536,0.35759881547232086,-0.017129758289384598
503,1.6079223342145736,-1.294240590321551,1.3682494738752218,1.3650063669598012,-1.2570585025578245,-0.1986749769940323
504,1.6079223342145736,0.385866399907903,-0.12261010598398424,-0.7316434126904536,-0.1655621165352462,0.4078276836342245
505,1.6079223342145736,0.385866399907903,-0.5082499102447741,-0.7316434126904536,-0.6659372408104579,0.8993847499991525
506,1.6079223342145736,0.385866399907903,-0.02234969390003029,-0.7316434126904536,0.8484925174713311,-1.2320028638482525
507,-0.6211107933608642,-0.6784014485124491,0.27837953112472374,1.3650063669598012,-1.522569801246738,-0.9594951604830417
508,-0.6211107933608642,-1.9799040890714703,-0.7173245224355532,-0.7316434126904536,-0.11327283012293352,1.5932148129034212
509,-0.6211107933608642,-0.12129072802802056,-1.0546806032687792,-0.7316434126904536,-0.41251467486337146,0.08861345800081737
510,1.6079223342145736,-1.9799040890714703,0.37340215997050713,-0.7316434126904536,0.21198440840317317,-0.8952333327144962
511,1.6079223342145736,0.385866399907903,1.1827311016920443,1.3650063669598012,1.0307293756295792,1.033626605343334
512,-0.6211107933608642,-1.9799040890714703,-0.9486214786756458,-0.7316434126904536,-1.1339475830308887,-0.3734345076757216
513,1.6079223342145736,-1.9799040890714703,-0.39953635471681026,-0.7316434126904536,-0.13318043275994645,-0.18540235423633897
514,-0.6211107933608642,-0.6784014485124491,-1.2483846864821837,-0.7316434126904536,0.950439231896724,0.3762515604294256
515,-0.6211107933608642,-0.6784014485124491,-1.2505536328060964,-0.7316434126904536,0.06931821398261695,1.4864655314428825
516,-0.6211107933608642,0.8501127572285249,1.2928256225231907,1.3650063669598012,0.2524909102088121,-0.5946395620797206
517,-0.6211107933608642,-0.12129072802802056,0.0847619804565642,1.3650063669598012,-0.745816657779575,0.1573187652260711
518,1.6079223342145736,1.6717650357421792,0.9785353601539793,-0.7316434126904536,1.0624492305619087,-0.1986749769940323
519,1.6079223342145736,0.385866399907903,0.9312673438788031,-0.7316434126904536,0.6876419975363637,0.25856505785956896
520,-0.6211107933608642,-1.9799040890714703,1.2838782674254452,-0.7316434126904536,-1.658705327771551,-0.1986749769940323
521,-0.6211107933608642,-0.6784014485124491,-1.2911358320572757,-0.7316434126904536,-0.018167738998575475,-0.017129758289384598
522,-0.6211107933608642,-0.12129072802802056,-0.5593658932125705,-0.7316434126904536,0.47144752725480843,-0.5537891591835792
523,-0.6211107933608642,-0.6784014485124491,-1.293178755735259,-0.7316434126904536,1.4753896530945498,-0.1986749769940323
524,-0.6211107933608642,-0.12129072802802056,0.7372813367603785,1.3650063669598012,0.38479430370634277,1.033626605343334
525,-0.6211107933608642,1.2771752620470103,-0.9238279656980699,-0.7316434126904536,2.257908992463667,1.1136509308327016
526,-0.6211107933608642,-0.6784014485124491,-1.3091070334082806,-0.7316434126904536,0.5557626743460155,0.25856505785956896
527,-0.6211107933608642,-0.6784014485124491,-1.3241612119048016,-0.7316434126904536,-0.5977454890351912,1.179828298552917
528,-0.6211107933608642,-0.6784014485124491,-1.1521355731620384,-0.7316434126904536,-0.034429314118821004,-0.28324417893368425
529,-0.6211107933608642,-0.6784014485124491,-0.8468317388402102,-0.7316434126904536,0.5031613670113292,0.6964560689930156
530,1.6079223342145736,-1.9799040890714703,-1.0950040065857294,-0.7316434126904536,-0.06789218487084095,-0.8897166331417246
531,-0.6211107933608642,-0.12129072802802056,-0.9194136174763863,-0.7316434126904536,-0.2367331313808926,0.5335960625098712
532,-0.6211107933608642,0.8501127572285249,-0.46448349722837884,-0.7316434126904536,1.1476821469202327,-0.3512742131066192
533,1.6079223342145736,-0.12129072802802056,0.2077892054525959,-0.7316434126904536,-0.8713083163321599,-0.8897166331417246
534,1.6079223342145736,0.385866399907903,0.13252635496033147,-0.7316434126904536,2.7153229436046527,0.5335960625098712
535,-0.6211107933608642,-0.12129072802802056,-0.37371234211586307,-0.7316434126904536,-0.34030811798183486,1.650415110269996
536,-0.6211107933608642,-1.294240590321551,1.223116767008249,1.3650063669598012,0.9998286179582461,-1.1087077804400862
537,1.6079223342145736,1.2771752620470103,-0.7531452402500853,-0.7316434126904536,0.8656123419725765,1.033626605343334
538,1.6079223342145736,-1.9799040890714703,-1.0996218071369315,-0.7316434126904536,-0.2141170720439636,0.25856505785956896
539,-0.6211107933608642,0.385866399907903,0.6126393926490343,-0.7316434126904536,-0.2408775130197954,-1.6836635814344934
540,-0.6211107933608642,-0.12129072802802056,0.4961271765627259,1.3650063669598012,-0.28164976156542904,-1.5882554657365349
541,1.6079223342145736,-0.6784014485124491,0.6323140970753867,1.3650063669598012,-0.3452221780096418,1.179828298552917
542,-0.6211107933608642,1.6717650357421792,1.5473418001728871,1.3650063669598012,1.7752282892907918,-0.9334148024645004
543,1.6079223342145736,0.385866399907903,0.6355605326286076,1.3650063669598012,-0.5824964204452341,-0.017129758289384598
544,-0.6211107933608642,-0.12129072802802056,-0.9517939644475198,-0.7316434126904536,-0.2906200048288204,-1.0980641625965104
545,1.6079223342145736,0.385866399907903,-1.135148542089268,-0.7316434126904536,0.030081607303758567,0.6964560689930156
546,-0.6211107933608642,-0.6784014485124491,-0.11931451857781043,1.3650063669598012,-2.054590690256231,-1.2677514805867083
547,-0.6211107933608642,0.8501127572285249,-0.14796857441705039,1.3650063669598012,-1.183704850064702,-0.5537891591835792
548,-0.6211107933608642,1.6717650357421792,-0.3098391621875529,-0.7316434126904536,-0.07914127794334377,-1.1721064427598205
549,-0.6211107933608642,0.385866399907903,1.3315066837602632,-0.7316434126904536,-0.7771841766534587,-1.0756271985261725
550,-0.6211107933608642,-0.12129072802802056,1.5053990241808441,-0.7316434126904536,-1.1491853843502484,1.4814337103911073
551,-0.6211107933608642,-0.6784014485124491,-1.188039826561653,-0.7316434126904536,0.7699079297232477,0.4537356047285625
552,-0.6211107933608642,-0.12129072802802056,-1.1193456525370697,-0.7316434126904536,-0.13844718182904023,1.650415110269996
553,1.6079223342145736,1.2771752620470103,0.11734287008463032,-0.7316434126904536,0.2517452964954342,0.7882272442423512
554,-0.6211107933608642,-0.6784014485124491,-1.246979757689049,-0.7316434126904536,0.05300995126906629,0.4537356047285625
555,-0.6211107933608642,-0.12129072802802056,-1.0687335361635752,-0.7316434126904536,-0.2991262942149577,-0.8432866929566003
556,1.6079223342145736,-1.9799040890714703,0.24190916879165264,-0.7316434126904536,-1.1721080249811457,-0.1986749769940323
557,1.6079223342145736,0.385866399907903,-0.8307704978181639,-0.7316434126904536,0.651912779413813,1.179828298552917
558,1.6079223342145736,2.0377978882647083,0.1288478831376776,-0.7316434126904536,0.7937934632286004,0.7882272442423512
559,1.6079223342145736,1.2771752620470103,1.332473489857191,-0.7316434126904536,-0.5873125098105318,0.4078276836342245
560,1.6079223342145736,0.385866399907903,0.0035489508412334964,-0.7316434126904536,0.890644150769884,0.3010687663611823
561,1.6079223342145736,1.2771752620470103,1.2981497368485158,1.3650063669598012,1.414086707430632,-0.1986749769940323
562,-0.6211107933608642,-0.6784014485124491,-0.11915228953637445,1.3650063669598012,-0.7098225272858666,-0.017129758289384598
563,-0.6211107933608642,-0.12129072802802056,-1.0828686399434857,-0.7316434126904536,0.30137306089537363,-0.7716981375695379
564,1.6079223342145736,0.385866399907903,-1.0451611899540219,-0.7316434126904536,0.4157677928933583,1.4864655314428825
565,-0.6211107933608642,0.8501127572285249,-1.079540082731632,-0.7316434126904536,0.6603778766596012,-0.18540235423633897
566,-0.6211107933608642,-0.12129072802802056,-1.2122695537693975,-0.7316434126904536,0.6482459594040529,0.6427656473308463
567,-0.6211107933608642,0.8501127572285249,-1.0605028786444965,-0.7316434126904536,0.506877135989425,1.650415110269996
568,1.6079223342145736,0.8501127572285249,-0.47396791192810317,-0.7316434126904536,-0.842604611439223,1.033626605343334
569,-0.6211107933608642,0.385866399907903,0.7814359211301026,-0.7316434126904536,0.05016123590857632,0.6964560689930156
570,1.6079223342145736,0.385866399907903,1.5932611726451613,1.3650063669598012,-0.41634980118336473,1.650415110269996
571,1.6079223342145736,0.385866399907903,-1.0657695153885354,-0.7316434126904536,0.5290763766856671,-0.9705127357663278
572,-0.6211107933608642,-0.6784014485124491,-1.0682308040602078,-0.7316434126904536,0.04757164200232394,-1.5689686157777327
573,-0.6211107933608642,-0.6784014485124491,-1.1245165212319126,-0.7316434126904536,0.0799154283362419,1.1136509308327016
574,-0.6211107933608642,-0.12129072802802056,-1.1472534172571518,-0.7316434126904536,-0.7703588441880118,1.4864655314428825
575,-0.6211107933608642,0.8501127572285249,1.372994589486538,-0.7316434126904536,-1.1072546651078292,1.650415110269996
576,-0.6211107933608642,0.385866399907903,-0.4924511868647362,-0.7316434126904536,-0.6119274249073634,-1.5515739661442542
577,1.6079223342145736,-1.9799040890714703,-0.5717597545227506,-0.7316434126904536,-0.6043443880424167,-0.1986749769940323
578,-0.6211107933608642,1.2771752620470103,1.5773174845416202,1.3650063669598012,1.1388615443594259,-1.4904987547598154
579,-0.6211107933608642,0.8501127572285249,0.6513009503293586,-0.7316434126904536,1.2089146445462384,0.1573187652260711
580,-0.6211107933608642,0.8501127572285249,-0.15890224372081352,1.3650063669598012,-3.124466860749108,-1.5689686157777327
581,-0.6211107933608642,-0.12129072802802056,0.9876049784418913,1.3650063669598012,1.8020248057884607,-2.205416066253497
582,-0.6211107933608642,-0.6784014485124491,-1.1014614323118315,-0.7316434126904536,1.8503918925355447,0.25856505785956896
583,1.6079223342145736,2.3785589996083747,1.24067763849978,-0.7316434126904536,-0.8879760429620328,-0.16658290995125666
584,1.6079223342145736,1.2771752620470103,0.2751027468120847,-0.7316434126904536,1.0570279599199555,1.179828298552917
585,1.6079223342145736,-0.6784014485124491,-0.15870950270862252,1.3650063669598012,-1.3119988667633693,1.5932148129034212
586,-0.6211107933608642,-0.6784014485124491,-1.3031676952919182,-0.7316434126904536,0.1977990504075954,1.1136509308327016
587,-0.6211107933608642,-0.12129072802802056,0.869564197542773,1.3650063669598012,0.7697980328530646,-1.194569818769224
588,1.6079223342145736,-1.9799040890714703,-1.1318906002176656,-0.7316434126904536,1.5048142304846137,0.4078276836342245
589,-0.6211107933608642,0.8501127572285249,-0.10367805865767703,1.3650063669598012,-1.237515306547985,0.3432630311142898
590,-0.6211107933608642,-0.6784014485124491,-1.1385152845110227,-0.7316434126904536,0.47468035665017533,-1.7934512478595295
591,1.6079223342145736,-0.6784014485124491,-0.0039237676996967735,1.3650063669598012,-0.6889203812753464,1.033626605343334
592,-0.6211107933608642,-0.12129072802802056,-0.16794064725593805,-0.7316434126904536,0.026883074220836037,-0.9982351027776758
593,-0.6211107933608642,2.0377978882647083,1.4220848301626634,1.3650063669598012,1.1044703453023634,0.0858526085653471
594,-0.6211107933608642,-0.12129072802802056,1.1422894626028417,-0.7316434126904536,-1.9023192256776766,1.4814337103911073
595,1.6079223342145736,0.8501127572285249,1.1921532034741291,-0.7316434126904536,-0.7814952858930115,-0.1986749769940323
596,-0.6211107933608642,-0.6784014485124491,0.2381760334787683,1.3650063669598012,-1.4235503386011874,-0.7738441743361559
597,1.6079223342145736,1.2771752620470103,-0.6276854871365501,-0.7316434126904536,0.5107495990661005,1.033626605343334
598,-0.6211107933608642,-0.6784014485124491,-1.1860324311973238,-0.7316434126904536,-1.4156265593969735,0.7882272442423512
599,-0.6211107933608642,0.385866399907903,0.5349550854534249,1.3650063669598012,-1.3215706034614279,-1.8837160028362192
600,-0.6211107933608642,-0.6784014485124491,-1.1977069210384244,-0.7316434126904536,-1.169341679892562,-0.6432883337316287
601,-0.6211107933608642,-0.6784014485124491,-1.166609083157477,-0.7316434126904536,-0.1760594463215035,0.22811457488596912
602,-0.6211107933608642,-0.6784014485124491,-0.5328310597996239,-0.7316434126904536,1.1246979971704718,0.8993847499991525
603,1.6079223342145736,0.385866399907903,-0.8864275907309753,-0.7316434126904536,-0.21605779808508746,0.7882272442423512
604,-0.6211107933608642,-0.12129072802802056,0.24751721825926537,1.3650063669598012,0.3759152990954383,0.6964560689930156
605,-0.6211107933608642,0.8501127572285249,0.003314058520018424,1.3650063669598012,-0.5592520888285603,1.3730509542617266
606,-0.6211107933608642,0.8501127572285249,-0.7880286132456056,-0.7316434126904536,2.017112234232265,0.25856505785956896
607,-0.6211107933608642,-0.6784014485124491,-0.14567142727260624,1.3650063669598012,-0.27061706607638725,0.4414445379377537
608,-0.6211107933608642,-0.6784014485124491,-1.307792297200127,-0.7316434126904536,-0.36267148355962475,-0.004581805777523192
609,-0.6211107933608642,0.8501127572285249,1.3815809282384464,-0.7316434126904536,0.6740044302999774,-1.8306147844142338
610,-0.6211107933608642,-0.6784014485124491,-1.1954817936272004,-0.7316434126904536,-0.7431241507271988,-0.3734345076757216
611,-0.6211107933608642,-0.6784014485124491,-1.0639050410155104,-0.7316434126904536,-0.2142287709541573,0.25856505785957934
612,-0.6211107933608642,-0.6784014485124491,0.3097686566837437,1.3650063669598012,-1.138472022793116,1.1136509308327016
613,-0.6211107933608642,-0.6784014485124491,-0.1432402776098048,1.3650063669598012,0.23779227925519988,-0.1986749769940323
614,-0.6211107933608642,0.385866399907903,-0.29550797522560573,-0.7316434126904536,-0.433764740890276,-0.004581805777523192
615,-0.6211107933608642,-0.12129072802802056,0.10711193696401565,1.3650063669598012,-0.06924184511871698,-0.9594951604830417
616,-0.6211107933608642,-0.6784014485124491,-1.1898951595190688,-0.7316434126904536,0.6362186529948594,-0.18540235423633897
617,1.6079223342145736,0.385866399907903,-0.510623828443571,-0.7316434126904536,0.9528339366992807,1.5932148129034212
618,-0.6211107933608642,-0.6784014485124491,-1.3302160251881716,-0.7316434126904536,-0.16895300401403016,-0.3734345076757216
619,1.6079223342145736,-0.6784014485124491,0.2759584396588111,1.3650063669598012,-0.15316987111441288,1.166045116329899
620,-0.6211107933608642,-0.12129072802802056,1.4845729981691456,1.3650063669598012,1.3202253161847355,-0.9334148024645004
621,-0.6211107933608642,-0.12129072802802056,-0.11412874089457346,-0.7316434126904536,-0.009935780165202704,-0.9982351027776758
622,-0.6211107933608642,-0.12129072802802056,1.0646274882147726,-0.7316434126904536,-1.40749073511428,-0.004581805777523192
623,-0.6211107933608642,0.385866399907903,1.5344046466621553,-0.7316434126904536,-1.1739189927497038,1.033626605343334
624,-0.6211107933608642,-0.12129072802802056,-0.982890234931477,-0.7316434126904536,0.11309160417240857,0.4078276836342245
625,-0.6211107933608642,-0.6784014485124491,-1.1759271453701874,-0.7316434126904536,0.7165615104090008,-0.16658290995125666
626,1.6079223342145736,0.385866399907903,-0.486521895725311,-0.7316434126904536,-0.6207901216533319,-0.3512742131066192
627,-0.6211107933608642,-0.6784014485124491,-1.1855842705563615,-0.7316434126904536,1.1063656544917642,-1.0065598399351081
628,-0.6211107933608642,0.8501127572285249,-0.82766852401783,-0.7316434126904536,1.8725704312116251,-0.9334148024645004
629,-0.6211107933608642,2.0377978882647083,0.33152877494102456,-0.7316434126904536,1.7040224818927414,1.033626605343334
630,-0.6211107933608642,-0.6784014485124491,-1.2771433212835195,-0.7316434126904536,-0.39067445866889605,0.4078276836342245
631,1.6079223342145736,-0.6784014485124491,1.5768253700914632,1.3650063669598012,1.1702260148433865,0.4537356047285625
632,-0.6211107933608642,-0.12129072802802056,-0.9775785760130746,-0.7316434126904536,0.39886996606972214,0.6427656473308463
633,-0.6211107933608642,-0.6784014485124491,-1.2086595345333269,-0.7316434126904536,1.1755417469964826,0.25856505785956896
634,-0.6211107933608642,-1.9799040890714703,-0.8907848937579728,-0.7316434126904536,-1.2257162021891406,0.5335960625098712
635,1.6079223342145736,-1.9799040890714703,-0.6932272212610806,-0.7316434126904536,0.3992951850070093,-0.004581805777523192
636,1.6079223342145736,2.0377978882647083,0.7555060855934068,1.3650063669598012,0.8969878922096781,0.19263085314716574
637,1.6079223342145736,1.2771752620470103,-0.7041371291346817,-0.7316434126904536,1.6071705715106512,1.4814337103911073
638,-0.6211107933608642,0.385866399907903,-1.143702316480908,-0.7316434126904536,0.3310675371274029,0.4078276836342245
639,1.6079223342145736,0.385866399907903,1.2624513912060407,1.3650063669598012,-0.2860636423024593,1.179828298552917
640,-0.6211107933608642,-0.6784014485124491,-1.2971449703351416,-0.7316434126904536,-1.0247548322969329,1.179828298552917
641,-0.6211107933608642,-0.12129072802802056,-1.0087151195924449,-0.7316434126904536,-0.5451322375388864,0.9713632790775769
642,-0.6211107933608642,1.6717650357421792,-0.6730750917570388,-0.7316434126904536,1.026108070147051,-1.4857136577721817
643,-0.6211107933608642,0.8501127572285249,1.0617468981338611,1.3650063669598012,1.8342149127912382,0.7882272442423512
644,1.6079223342145736,0.385866399907903,-0.21579979474386493,-0.7316434126904536,1.1225888498431462,0.9713632790775769
645,-0.6211107933608642,-0.12129072802802056,-0.9220520485778357,-0.7316434126904536,-0.2956109524540701,1.650415110269996
646,-0.6211107933608642,0.8501127572285249,1.5265748369608392,-0.7316434126904536,-0.24928724982924502,-1.2677514805867083
647,-0.6211107933608642,-0.12129072802802056,1.3476521476498255,1.3650063669598012,-0.8966348069134218,-1.3926704330103399
648,-0.6211107933608642,-0.6784014485124491,0.3981720122106783,1.3650063669598012,-1.221289919845085,-0.8432866929566003
649,-0.6211107933608642,-0.6784014485124491,0.46273712618388335,1.3650063669598012,0.30823486280832274,1.2679567654305113
650,-0.6211107933608642,-0.6784014485124491,-1.2360540242286346,-0.7316434126904536,-0.17102192126121388,0.25856505785956896
651,-0.6211107933608642,-0.6784014485124491,-1.2786365830715525,-0.7316434126904536,0.02114808177365915,0.25856505785957934
652,-0.6211107933608642,-0.12129072802802056,-0.8861800594800615,-0.7316434126904536,0.687463230037967,0.25856505785956896
653,-0.6211107933608642,-0.12129072802802056,-0.2913041561604171,-0.7316434126904536,0.5954901344172538,-1.440489200512437
654,-0.6211107933608642,-0.6784014485124491,-1.0662824572882061,-0.7316434126904536,1.2539568809176782,0.25856505785957934
655,-0.6211107933608642,-0.12129072802802056,-1.0582763559621993,-0.7316434126904536,-0.3209358961714301,-0.017129758289384598
656,-0.6211107933608642,-1.294240590321551,-0.15239454146892562,1.3650063669598012,-0.6728927713742217,-0.3734345076757216
657,-0.6211107933608642,-0.6784014485124491,-1.2759042464917245,-0.7316434126904536,-0.6244511700658871,1.1136509308327016
658,1.6079223342145736,0.385866399907903,1.4409116580090382,-0.7316434126904536,0.0660171840848216,0.5021982999779196
659,1.6079223342145736,1.2771752620470103,1.473180311051689,-0.7316434126904536,0.08178881021755426,-1.6402784221173723
660,-0.6211107933608642,-0.12129072802802056,1.3961247798918974,1.3650063669598012,-0.18524492772423692,0.6964560689930156
661,-0.6211107933608642,-0.12129072802802056,1.4532845183239709,-0.7316434126904536,2.259688805371619,0.7007600062109757
662,-0.6211107933608642,-0.6784014485124491,-0.15057716614014646,1.3650063669598012,-1.3077349421426905,-1.25873078908782
663,-0.6211107933608642,0.385866399907903,-0.1257488541519559,1.3650063669598012,-2.1310547574577052,-0.5819979994958134
664,-0.6211107933608642,-0.12129072802802056,0.08591735687150735,1.3650063669598012,-0.4827587835937705,-1.6402784221173723
665,1.6079223342145736,0.8501127572285249,1.4995300610746622,1.3650063669598012,0.546155177900979,0.25856505785956896
666,-0.6211107933608642,-0.12129072802802056,-0.6398788395491269,-0.7316434126904536,-0.5403094003744189,-0.9982351027776758
667,-0.6211107933608642,0.8501127572285249,0.9742839116596752,1.3650063669598012,1.5106098204021572,-0.9705127357663278
668,1.6079223342145736,-0.12129072802802056,1.4459628916390859,1.3650063669598012,0.427228681965872,0.5335960625098712
669,1.6079223342145736,0.8501127572285249,0.10330420514252465,-0.7316434126904536,-1.0976490160852654,1.4864655314428825
670,-0.6211107933608642,0.385866399907903,1.3587020502918756,-0.7316434126904536,0.6016986768661736,1.650415110269996
671,-0.6211107933608642,0.385866399907903,1.446781212869509,-0.7316434126904536,0.6974704105281343,-0.1986749769940323
672,-0.6211107933608642,-0.6784014485124491,-1.2656873450883266,-0.7316434126904536,0.3989714902931247,1.4864655314428825
673,1.6079223342145736,0.8501127572285249,0.8445512811669483,-0.7316434126904536,-1.046960196825199,0.08585260856536536
674,-0.6211107933608642,-1.9799040890714703,1.4207240089017643,-0.7316434126904536,-1.2072155572348553,-1.2677514805867083
675,1.6079223342145736,0.8501127572285249,0.7547904396933238,-0.7316434126904536,-0.5580205483317008,-0.18540235423633897
676,-0.6211107933608642,-0.6784014485124491,0.09390736658121696,1.3650063669598012,-0.4805316531709102,-0.1986749769940323
677,-0.6211107933608642,-0.12129072802802056,0.5092444584115127,1.3650063669598012,2.2303559811706637,-0.9705127357663278
678,-0.6211107933608642,0.8501127572285249,-1.1421847293700171,-0.7316434126904536,1.217821398453012,0.25856505785956896
679,-0.6211107933608642,0.385866399907903,1.6487973356402568,1.3650063669598012,2.1209787225907304,-0.3734345076757216
680,-0.6211107933608642,-0.6784014485124491,-0.9764240241763865,-0.7316434126904536,-0.6202447276664683,1.1136509308327016
681,-0.6211107933608642,-0.6784014485124491,-1.3143742794654698,-0.7316434126904536,-0.31724696514615625,1.1136509308327016
682,-0.6211107933608642,-0.6784014485124491,0.6073822687941687,1.3650063669598012,-0.4032648436556033,-1.5031108393363029
683,-0.6211107933608642,-0.12129072802802056,-0.8133031667572493,-0.7316434126904536,0.6137682311192235,0.6427656473308463
684,-0.6211107933608642,1.2771752620470103,1.614000671843571,1.3650063669598012,1.178698297436522,-0.8952333327144962
685,-0.6211107933608642,-0.6784014485124491,-1.2024386249413805,-0.7316434126904536,-1.1312638718241017,-1.6713920739843706
686,-0.6211107933608642,0.8501127572285249,-0.0946768549173102,-0.7316434126904536,1.7229293258276905,-0.9594951604830417
687,-0.6211107933608642,0.8501127572285249,-1.1438674852663935,-0.7316434126904536,1.9057936811700784,-0.8432866929566003
688,1.6079223342145736,0.385866399907903,-1.1592079791595842,-0.7316434126904536,-0.22066119490509456,1.2679567654305113
689,-0.6211107933608642,-1.9799040890714703,-0.3305253716967759,-0.7316434126904536,-1.187646565697105,-0.9594951604830417
690,-0.6211107933608642,-0.6784014485124491,0.2902049421884805,1.3650063669598012,-0.4952700719828158,1.033626605343334
691,1.6079223342145736,-1.9799040890714703,-0.18208797863741708,-0.7316434126904536,1.610280776455241,-0.3512742131066192
692,-0.6211107933608642,0.385866399907903,-0.14218168154328595,1.3650063669598012,-0.18473147374115687,0.0858526085653471
693,-0.6211107933608642,0.385866399907903,0.017754412533882092,-0.7316434126904536,-0.20800535593649688,-0.017129758289384598
694,-0.6211107933608642,-0.12129072802802056,0.6194463906040193,1.3650063669598012,-0.27180791690844,-0.1986749769940323
695,-0.6211107933608642,-0.6784014485124491,-1.2864730758801868,-0.7316434126904536,0.4811256542576015,0.25856505785956896
696,-0.6211107933608642,-0.12129072802802056,-0.1425165394635526,1.3650063669598012,-1.079717408525118,0.08861345800081737
697,-0.6211107933608642,0.8501127572285249,1.0724253288368233,1.3650063669598012,0.5967771062316108,0.4537356047285625
698,-0.6211107933608642,-0.6784014485124491,-0.9238723483384629,-0.7316434126904536,1.697123188431832,1.4864655314428825
699,-0.6211107933608642,0.385866399907903,0.070095594700695,-0.7316434126904536,-0.8140619591748337,-1.528493326500848
700,-0.6211107933608642,1.2771752620470103,0.47856924221779196,-0.7316434126904536,-0.17233007494812977,-1.4904987547598154
701,-0.6211107933608642,-0.12129072802802056,-0.2057158361069399,-0.7316434126904536,0.9331815503569233,-0.5537891591835792
702,1.6079223342145736,0.8501127572285249,1.4289166892496827,1.3650063669598012,0.4807516175325564,0.6964560689930156
703,-0.6211107933608642,0.8501127572285249,0.08146803476488242,1.3650063669598012,-0.937724872124347,0.6964560689930156
704,-0.6211107933608642,1.6717650357421792,1.215044477770072,-0.7316434126904536,0.7292200840710561,-1.3956755759538837
705,-0.6211107933608642,-0.6784014485124491,-1.0761582219807804,-0.7316434126904536,-0.22684559817202687,1.3730509542617266
706,-0.6211107933608642,0.8501127572285249,-0.6872177558743692,-0.7316434126904536,-0.3052475559393206,-0.1986749769940323
707,1.6079223342145736,-1.9799040890714703,1.6914280371821293,1.3650063669598012,1.564447480359967,-1.274538467812824
708,-0.6211107933608642,0.385866399907903,0.807303069618319,-0.7316434126904536,-1.3676329616988407,-0.5462771060186888
709,-0.6211107933608642,0.385866399907903,0.18569603357888695,1.3650063669598012,0.654504973586765,1.033626605343334
710,-0.6211107933608642,1.2771752620470103,1.6509023552644508,1.3650063669598012,1.0671692739233003,0.19263085314716574
711,-0.6211107933608642,-0.6784014485124491,1.4499768547944585,-0.7316434126904536,-0.9280589209506394,0.5293495661246014
712,1.6079223342145736,2.3785589996083747,-0.2582464732816727,-0.7316434126904536,0.2878308929328886,0.7007600062109757
713,-0.6211107933608642,0.385866399907903,0.4885226199998744,1.3650063669598012,-0.8182733374615813,-0.3734345076757216
714,-0.6211107933608642,-1.9799040890714703,-0.23928411510288106,-0.7316434126904536,-1.1046448642731297,1.1136509308327016
715,1.6079223342145736,0.385866399907903,-1.0749909746082802,-0.7316434126904536,1.5032342889488142,0.7882272442423512
716,-0.6211107933608642,-0.6784014485124491,-0.15522314315387784,1.3650063669598012,-1.7459156939789482,0.2350792230705549
717,-0.6211107933608642,-0.6784014485124491,0.023068806709720967,1.3650063669598012,-1.4088832592404645,-1.3677388121700844
718,1.6079223342145736,-1.9799040890714703,-0.007805487229693635,-0.7316434126904536,-0.21743357259290141,0.4078276836342245
719,-0.6211107933608642,-0.12129072802802056,-0.5163618803305432,-0.7316434126904536,0.10137222829200886,0.25856505785956896
720,1.6079223342145736,1.2771752620470103,1.5617935653611243,1.3650063669598012,1.0436245800132495,1.179828298552917
721,1.6079223342145736,0.385866399907903,-1.1069664364487735,-0.7316434126904536,-0.5948176520749244,0.9713632790775769
722,-0.6211107933608642,-0.12129072802802056,-0.5410771717177683,-0.7316434126904536,-0.27822698534559304,-1.1899414369382633
723,-0.6211107933608642,0.8501127572285249,1.3668984281165268,1.3650063669598012,0.07706461634375558,0.9713632790775769
724,1.6079223342145736,1.6717650357421792,0.41108187868608204,-0.7316434126904536,-0.3911380272280702,1.650415110269996
725,1.6079223342145736,0.8501127572285249,-0.39356846674501095,-0.7316434126904536,0.8110631320391514,1.033626605343334
726,1.6079223342145736,1.6717650357421792,0.04139481317205155,-0.7316434126904536,-0.35793846503960713,-0.9982351027776758
727,-0.6211107933608642,-0.12129072802802056,-0.49192464671513936,-0.7316434126904536,0.2573629851311781,0.6964560689930156
728,-0.6211107933608642,0.8501127572285249,-0.4890418552739825,-0.7316434126904536,-0.4788473529124128,-0.9334148024645004
729,-0.6211107933608642,-1.9799040890714703,0.3445584660943992,-0.7316434126904536,-0.09357302680216881,-1.5074001086129216
730,-0.6211107933608642,-0.6784014485124491,-1.231860272050587,-0.7316434126904536,0.9681414879501373,0.3010687663611823
731,-0.6211107933608642,-0.6784014485124491,1.6344882792017774,1.3650063669598012,-0.1468482644010573,1.3730509542617266
732,-0.6211107933608642,-1.294240590321551,1.6194827289429212,1.3650063669598012,0.3403669897195884,1.3730509542617266
733,-0.6211107933608642,-0.6784014485124491,0.1641554285164742,1.3650063669598012,-0.6326440929672543,-1.6836635814344934
734,-0.6211107933608642,-0.6784014485124491,-1.1102307014339903,-0.7316434126904536,-0.03024028019840851,1.2679567654305113
735,1.6079223342145736,-1.9799040890714703,-0.9383221576626799,-0.7316434126904536,1.6317172917293894,-0.004581805777523192
736,-0.6211107933608642,0.8501127572285249,-0.9839728800745681,-0.7316434126904536,-0.15873820675043954,0.6427656473308463
737,-0.6211107933608642,-0.6784014485124491,-0.9549485556674676,-0.7316434126904536,-0.8765390780232372,0.4537356047285625
738,1.6079223342145736,0.385866399907903,-0.5261690402547899,-0.7316434126904536,-0.5338005670730972,-0.7738441743361559
739,-0.6211107933608642,-0.12129072802802056,-1.0340784201612576,-0.7316434126904536,0.22001229843308245,1.4864655314428825
740,1.6079223342145736,0.8501127572285249,1.6147266643249318,1.3650063669598012,0.25523478573855235,0.6427656473308463
741,1.6079223342145736,-0.6784014485124491,0.013634282920321313,1.3650063669598012,-1.2205417695968783,-0.5819979994958134
742,-0.6211107933608642,-0.6784014485124491,-1.099796285788029,-0.7316434126904536,0.34180561088961814,0.6427656473308463
743,-0.6211107933608642,-0.6784014485124491,-1.2005310160464793,-0.7316434126904536,-0.5507618138360537,1.4814337103911073
744,-0.6211107933608642,-0.12129072802802056,0.3053166326147546,1.3650063669598012,-0.3138355665623867,1.033626605343334
745,-0.6211107933608642,0.385866399907903,1.5337036000023465,-0.7316434126904536,0.15787544971017886,0.7598346870427736
746,1.6079223342145736,1.2771752620470103,1.1866538578512102,-0.7316434126904536,0.343152213452312,1.179828298552917
747,-0.6211107933608642,-0.12129072802802056,0.719067956985953,1.3650063669598012,0.33981565399441477,-2.079632901340093
748,1.6079223342145736,-0.12129072802802056,0.6485852264266142,-0.7316434126904536,-1.4657614387502809,-0.5593785087254449
749,-0.6211107933608642,-0.6784014485124491,0.034489723838894655,1.3650063669598012,0.24024278211423583,-1.6582060044865503
750,-0.6211107933608642,-0.12129072802802056,0.9975619649995815,1.3650063669598012,1.7844152867996033,-0.1986749769940323
751,-0.6211107933608642,-0.12129072802802056,1.1591822490284434,1.3650063669598012,-0.4432129633537628,0.9454422516734936
752,-0.6211107933608642,-0.12129072802802056,-0.35509175982776703,-0.7316434126904536,-0.6893426279334325,-1.6599622999453179
753,-0.6211107933608642,-0.6784014485124491,-1.2089928868181385,-0.7316434126904536,1.1596883364577932,-0.3734345076757216
754,-0.6211107933608642,0.8501127572285249,-0.15855725428588643,1.3650063669598012,-0.3309028720852715,-2.086962395482454
755,-0.6211107933608642,-0.12129072802802056,0.44997649099871384,1.3650063669598012,0.35075746436494687,1.033626605343334
756,-0.6211107933608642,-0.12129072802802056,0.6853307604869354,1.3650063669598012,-0.14027954977824922,-0.9791478172069246
757,-0.6211107933608642,0.385866399907903,1.040858112240151,-0.7316434126904536,-0.23493057267356357,-0.1986749769940323
758,1.6079223342145736,0.385866399907903,1.4885446663212631,1.3650063669598012,-0.25001017463152714,-1.752412683654909
759,-0.6211107933608642,0.8501127572285249,-0.9556533337106123,-0.7316434126904536,1.5891853209720284,-0.18540235423633897
760,-0.6211107933608642,0.8501127572285249,-0.10064898417274112,1.3650063669598012,0.4176175758107329,-0.1986749769940323
761,-0.6211107933608642,-0.12129072802802056,-1.1916658385057648,-0.7316434126904536,-0.5493517657808457,1.3730509542617266
762,-0.6211107933608642,-0.6784014485124491,-0.048138194485710835,1.3650063669598012,-1.6606504912501046,0.6964560689930156
763,1.6079223342145736,-1.9799040890714703,-0.9975008070323296,-0.7316434126904536,0.09340642589321732,-0.3734345076757216
764,1.6079223342145736,1.2771752620470103,1.3426738831204428,-0.7316434126904536,-1.9859749964191862,0.8993847499991525
765,-0.6211107933608642,1.2771752620470103,-0.7011245528488044,-0.7316434126904536,0.18707907418868222,-0.5537891591835792
766,1.6079223342145736,-1.9799040890714703,-0.9140667432864541,-0.7316434126904536,0.2861121851647425,-0.3390364557732351
767,1.6079223342145736,0.385866399907903,1.596557521093756,1.3650063669598012,-0.25342437438665394,0.3010687663611823
768,-0.6211107933608642,-0.6784014485124491,-1.2127430896692029,-0.7316434126904536,0.4522834869423343,0.6964560689930156
