Row,knn,tree,nb,logreg,svm_rbf,rf
1,0.6,0.0,1.0,0.9709578638973432,0.5395578413591723,0.46
2,0.2,0.0,0.7517448040509703,0.6315146356023206,0.8284184642932402,0.33
3,0.6,0.0,0.928637021183465,0.6542317519642685,0.9235043798005694,0.5
4,1.0,1.0,0.9945326362106448,0.7148518419961442,0.8347739940545909,0.85
5,0.4,1.0,9.63680863233898e-07,0.2466543521742421,0.3067135165079461,0.42
6,0.0,0.0,0.7631512886298513,0.5951123925889523,0.5820299743608608,0.0376984126984126
7,0.6,0.0,0.2480145289343066,0.4775996176874393,0.4195152404479463,0.5253571428571429
8,0.2,0.0,0.3955220960781397,0.4573838148131287,0.1471396752074841,0.14
9,0.6,0.0,0.4274039128565931,0.5113948465040209,0.8697128488461773,0.58
10,0.6,0.0,1.0,0.9282273957870296,0.8153915312814827,0.35
11,0.6,0.0,0.0005640086431541,0.3061823646116896,0.5207296069152484,0.3
12,0.6,1.0,0.7813685086504357,0.5296761365690377,0.6719006530368511,0.265
13,0.6,1.0,0.4408798536121995,0.5251932278853146,0.7155732549282822,0.83
14,0.4,0.0,0.177068032576234,0.4574615329306031,0.2933570659223886,0.265
15,0.8,1.0,0.2155982481838005,0.436237161649776,0.5155478775026365,0.8827222222222221
16,0.6,1.0,0.1961120370386072,0.4259366643679265,0.4023845557907806,0.6629761904761905
17,0.6,0.0,0.8149458702079432,0.5274243319162747,0.6851563532133618,0.58
18,0.6,1.0,0.958134517489928,0.5852344858926166,0.7953993610473027,0.81
19,0.8,1.0,0.2156106045041241,0.4428968306155219,0.3440061411509229,0.8453571428571428
20,0.6,1.0,0.1817169458642709,0.4010414858365571,0.2445108485823333,0.8358333333333334
21,0.4,1.0,0.2318604439240785,0.4221195518927578,0.3161623040317561,0.8987142857142857
22,0.6,1.0,0.5000461616825835,0.5292028685138666,0.2181017515394877,0.65
23,0.6,0.6666666666666666,0.2155249297117068,0.4316498152128013,0.5097218487914237,0.8035
24,0.6,0.6666666666666666,0.2155249297117068,0.4316498152128013,0.5097218487914237,0.8035
25,1.0,1.0,0.7717035238846549,0.5867791048060973,0.6399040900641305,0.84
26,0.2,0.0,0.1498540599475487,0.4953270517654534,0.3145615159811923,0.1
27,0.0,0.0,0.790206278547884,0.6080218544542828,0.5368001740688418,0.045
28,0.6,0.0,0.6681955331202432,0.5143942790303668,0.7571265440702831,0.4
29,1.0,1.0,0.2547274779292098,0.3987123346760802,0.5,0.94
30,0.4,0.0,0.7063712271930135,0.576974745891973,0.583136430481797,0.1725
31,0.4,0.0,0.2047143747122594,0.5016668305211462,0.4786405797901436,0.49
32,1.0,1.0,0.4097946681132055,0.4418522992266542,0.726779689403349,0.97
33,0.8,1.0,0.4926250988510403,0.4615932461810584,0.7476260045305438,0.91
34,0.6,1.0,0.3578351950800673,0.4272981179320237,0.4569854110770152,0.6683809523809522
35,0.6,0.0,0.0181814420390624,0.4701885245257363,0.3774011673668303,0.46
36,0.6,0.0,0.293669826491975,0.4364501851332625,0.4379936836145321,0.645
37,0.6,0.5,0.7028219274136852,0.4824325888944386,0.5885119399119626,0.4441666666666666
38,0.6,1.0,0.1591005581163537,0.4044282292109371,0.3867338267357844,0.37
39,0.4,1.0,0.906632384130036,0.4966361683522781,0.5882928843025749,0.35
40,0.4,0.0,0.238482359142615,0.3842127184359621,0.5232419669645163,0.24
41,0.4,0.0,0.7426458842868353,0.4580574875902957,0.5,0.4333333333333333
42,0.4,0.3333333333333333,0.8041671694076876,0.5967223138300211,0.6200891345125622,0.3314285714285714
43,0.6,0.5,0.1820106332965894,0.4213206247322316,0.4341347067550379,0.5673333333333334
44,0.4,0.5,0.8179893667034107,0.5786793752677684,0.565865293244962,0.4326666666666666
45,0.4,1.0,0.9980448729806984,0.5359304523187712,0.5,0.8
46,0.6,0.0,0.4185738103584201,0.4309191280346956,0.7112391823877192,0.26
47,0.2,0.0,0.6579735418427974,0.5740813221603076,0.3800872035494645,0.07
48,0.6,1.0,0.8136862870032454,0.6087339433433616,0.8007082472266793,0.9279718061945113
49,1.0,1.0,0.7695685591079375,0.5975896372501142,0.7681251588660027,0.9573964646464648
50,0.8,1.0,0.8144328534144244,0.6178611853334322,0.7918427052384702,0.9596304752080612
51,0.2,0.0,0.4447928589488119,0.5547519947950196,0.4014480122635088,0.04
52,0.6,0.0,0.5029361215593245,0.4373631100515132,0.5645616363430949,0.28
53,0.4,0.0,0.718359363397781,0.581011813080772,0.3738744109209304,0.1433333333333333
54,0.4,0.0,0.3654626876922641,0.5558097317892567,0.4882247093035912,0.22
55,1.0,0.0,0.1385601615341528,0.3795475407330682,0.3130763994375735,0.79
56,0.6,1.0,0.9852617755654997,0.5214467231639796,0.3655969443878091,0.84
57,0.4,1.0,0.3592979453951606,0.4110913552761419,0.6801391159125603,0.3
58,0.4,0.0,0.2461673242202997,0.4073441676691961,0.3651746451120329,0.3543333333333334
59,0.6,1.0,0.1066707698098012,0.586217946508441,0.7747188928524468,0.78
60,0.4,0.0,0.7829889405672612,0.6107339557294387,0.6880390293663128,0.2496666666666666
61,0.2,0.0,0.6870206402940195,0.5872529883362156,0.3438839183083819,0.1235
62,0.8,1.0,0.2489585300728005,0.4045236891019589,0.4280849619875967,0.85
63,0.6,0.5,0.5724082370879291,0.6061462320570412,0.6212089477130035,0.5068333333333335
64,0.8,1.0,0.1903705226663286,0.3559332625542379,0.3467035105396637,0.9266666666666667
65,0.4,1.0,0.1724021116281526,0.3933999712466762,0.2422518257201515,0.7412301587301587
66,1.0,1.0,0.0590363291039644,0.5833887654975758,0.7048804392425753,0.79
67,0.4,0.5,0.1333012295814505,0.383432530152413,0.2607435638033332,0.5281190476190475
68,0.8,1.0,0.8227537459399178,0.5784949958717014,0.7999662228482487,0.6550753968253968
69,0.2,0.0,0.8088315528215558,0.6130045448717376,0.5994395075566938,0.07
70,1.0,1.0,0.6198849409010923,0.6171957241694365,0.5849542017062671,0.92
71,0.8,0.8,0.8152285640302509,0.6244617830213977,0.7241184319411591,0.8135952380952378
72,0.6,0.75,0.8281963750903732,0.6149908699680706,0.7020019754906499,0.720952380952381
73,0.2,0.0,0.9723076596885448,0.436615837721809,0.3606254820228932,0.34
74,0.6,0.6,0.8603336468920324,0.6299138236071973,0.8019083601708352,0.6243769841269842
75,0.4,0.4,0.1855857030426977,0.3733595928553474,0.2023102173892119,0.4012738095238095
76,0.4,0.5,0.1814003595419162,0.3891303783788266,0.1994511933941263,0.501611111111111
77,0.2,0.0,0.1851142270407836,0.3802376738375971,0.2302591899894915,0.03
78,0.6,0.5,0.8185996404580838,0.6108696216211734,0.8005488066058737,0.498388888888889
79,0.6,0.5,0.8185996404580838,0.6108696216211734,0.8005488066058737,0.498388888888889
80,0.6,0.6,0.8144142969573019,0.6266404071446525,0.7976897826107882,0.5987261904761906
81,0.4,0.0,0.1573277725961746,0.3625344085892343,0.3381804927009059,0.408
82,0.8,1.0,0.8148857729592163,0.6197623261624028,0.7697408100105085,0.97
83,0.8,0.8,0.8671007472699711,0.6284728159822826,0.7476096997706317,0.8123492063492063
84,0.6,0.75,0.8281963750903732,0.6149908699680706,0.7020019754906499,0.720952380952381
85,0.6,0.5,0.2779426137621021,0.3880815433420467,0.5423168023116175,0.5583333333333333
86,0.2,0.0,0.837784410257526,0.6270295196728817,0.6657921447081734,0.0616666666666666
87,0.4,0.5714285714285714,0.771894991238802,0.6532791480067495,0.7780578601601462,0.5698212343212343
88,0.6,0.7142857142857143,0.8196548836913821,0.6724007504552876,0.7963148107346226,0.7030006660006659
89,0.4,0.5714285714285714,0.771894991238802,0.6532791480067495,0.7780578601601462,0.5698212343212343
90,0.8,1.0,0.2252667221058066,0.3726162767792269,0.4471231664818514,0.7953333333333333
91,0.4,0.2857142857142857,0.1803451163086176,0.3275992495447124,0.2036851892653774,0.2969993339993338
92,0.6,0.6666666666666666,0.8278223910627408,0.6578906769185605,0.8003334427550861,0.658364885114885
93,0.8,0.625,0.8658843071180566,0.6689412401076902,0.8010273794774484,0.6083432678432678
94,0.6,0.6666666666666666,0.8278223910627408,0.6578906769185605,0.8003334427550861,0.658364885114885
95,1.0,1.0,0.7404872518732761,0.6960371538027739,0.727966391082042,0.92
96,0.2,0.0,0.809826873250938,0.6308719682599542,0.6283706819317816,0.2373333333333333
97,0.4,1.0,0.0208213245425186,0.6153430200070344,0.7539707192874491,0.69
98,0.4,1.0,0.3163556907792759,0.3824608116681465,0.4037143986556556,0.1793333333333333
99,0.6,0.0,0.1831165915910004,0.3440685588298924,0.2264738537633011,0.3091428571428571
100,0.4,0.0,0.2103298398953796,0.3575736429492702,0.4653706063641422,0.14
101,0.8,1.0,0.2871710128254478,0.3600188491475492,0.346171122250574,0.7375
102,0.4,0.0,0.6625988676908595,0.3511878646358664,0.2075245479505299,0.42
103,0.4,0.0,0.6743838382511831,0.6353032643336713,0.5364968977886713,0.2766666666666666
104,0.8,1.0,0.805753420327982,0.6394428912255752,0.7461958903515507,0.8740000000000001
105,0.8,1.0,0.8051909559924977,0.6407409094511363,0.6870586839993125,0.7741666666666667
106,0.6,1.0,0.0307133060965531,0.6063420663509721,0.655274258639574,0.6
107,0.8,0.0,0.7648326477272128,0.6659383465003186,0.7690563936114296,0.44
108,0.6,1.0,0.8600916337418033,0.6703332009547917,0.7401539621227852,0.7083333333333333
109,0.6,1.0,0.8185449133975022,0.6428791021742513,0.7856018908730656,0.8291666666666666
110,0.8,0.0,0.6162835229648816,0.6984225280102023,0.8008741031414259,0.7575
111,0.4,0.0,0.1365676463014828,0.3275099062641735,0.2659010990414697,0.79
112,0.6,1.0,0.6631773761517,0.6682866508416327,0.6971940875928547,0.664
113,0.6,1.0,0.8634323536985173,0.6724900937358265,0.7340989009585306,0.21
114,0.8,0.0,0.2765470953759345,0.3337749485492445,0.3792016003279385,0.74
115,0.6,0.0,0.4622492243987812,0.7040062656185271,0.8316595960270654,0.49
116,0.6,1.0,5.8214526461409496e-05,0.4919146849326581,0.480854936515431,0.8
117,0.2,1.0,0.2130442534767437,0.3070940096606442,0.2667318889915064,0.445
118,0.8,0.0,0.4601673404893366,0.6795286576832584,0.7406383597983297,0.34
119,0.8,0.0,0.7921487706614034,0.7041638258266653,0.7895534966263125,0.37
120,0.2,0.0,0.4515796591887648,0.2519969057584452,0.1500874537400916,0.0216666666666666
121,0.0,0.0,0.1838835241968767,0.3525353136507628,0.2004939579554696,0.0520833333333333
122,0.4,0.0,0.1687594846460466,0.3129393759492936,0.2903694685665116,0.174
123,0.6,1.0,0.2641113325744112,0.3243826279724452,0.3398702777662366,0.5775
124,0.2,0.0,0.1395367524452869,0.3097583763390193,0.2270738522664049,0.27
125,0.6,1.0,0.7623488727031884,0.659464534535068,0.7161615496159844,0.6965714285714286
126,0.8,0.0,0.8273871293755114,0.6891972696891477,0.7545734480308719,0.4883333333333333
127,0.4,1.0,0.2492126929310071,0.2961511193391154,0.2901778471755367,0.695
128,0.6,1.0,0.7623488727031884,0.659464534535068,0.7161615496159844,0.6965714285714286
129,0.4,1.0,0.2704409432120007,0.2972189782043282,0.2539933660177465,0.69
130,0.4,0.0,0.1386184878229945,0.3354032104524239,0.1834082438022433,0.2458567821067821
131,0.4,0.0,0.8646742405032971,0.6997558936721642,0.7598504799974864,0.1
132,1.0,1.0,0.4770224930620591,0.7962136181782532,0.8363417809337647,0.94
133,0.6,0.0,0.8145022513626032,0.6524631052893965,0.8146088400153573,0.1761666666666666
134,0.4,0.5,0.7921827500716767,0.6972862317426405,0.7498186234378312,0.5249761904761905
135,0.8,1.0,0.5839195670983233,0.7538172910588421,0.8436556977167378,0.54
136,0.8,1.0,0.8297437412344234,0.6680019693349379,0.8102148447617816,0.88
137,0.4,0.0,0.755632750400503,0.6840048659231237,0.7090512242342563,0.6933333333333335
138,1.0,1.0,0.5367700205809895,0.7693341174694434,0.8080995319303461,0.97
139,0.8,1.0,0.8733822711538155,0.7542320397587721,0.7844172555368971,0.76
140,0.4,0.3333333333333333,0.7672083426409236,0.6429324548705974,0.8176474529621195,0.349563492063492
141,1.0,1.0,0.6779798123590293,0.7441575649695712,0.8527295650704652,0.94
142,0.8,1.0,0.2037394277062282,0.7550491013866634,0.8270863013284184,0.86
143,0.6,0.5,0.8743771583106741,0.7010519361268291,0.8018878264585845,0.5720000000000001
144,0.4,0.5,0.8376283911556283,0.6947170587601252,0.8016718594154177,0.4378333333333333
145,0.2,0.0,0.2294048886407822,0.3228881447024406,0.1942023793234116,0.2160873015873015
146,0.2,0.0,0.2300072802609604,0.3172967073799492,0.2273409265977425,0.1
147,0.8,1.0,0.835328361647363,0.7235263211566361,0.7994032708935714,0.9060238095238096
148,0.4,0.3333333333333333,0.7672083426409236,0.6429324548705974,0.8176474529621195,0.349563492063492
149,0.6,0.6666666666666666,0.2327916573590767,0.3570675451294026,0.1823525470378805,0.6504365079365076
150,0.4,0.3333333333333333,0.7672083426409236,0.6429324548705974,0.8176474529621195,0.349563492063492
151,0.0,0.0,0.1848292664957879,0.2451949259261014,0.165434059078262,0.04
152,0.4,0.0,0.7367353734645496,0.708088609572654,0.689584812102916,0.0666666666666666
153,0.8,0.0,0.4757240350194361,0.7653562725430885,0.8207144993653964,0.44
154,0.4,0.125,0.2373966834197802,0.3729448824614312,0.1754013139032513,0.1247598076180906
155,0.8,0.8148148148148148,0.8435577586165076,0.6539094962934046,0.8148599318039814,0.8219898235358062
156,0.6,0.7777777777777778,0.8028914800516994,0.6450116195355023,0.8107655380931664,0.7687745615758295
157,0.8,0.8148148148148148,0.8435577586165076,0.6539094962934046,0.8148599318039814,0.8219898235358062
158,0.8,0.8076923076923077,0.7966758546750464,0.6367688776776409,0.8039578883193036,0.7981877407994787
159,0.8,0.8148148148148148,0.8435577586165076,0.6539094962934046,0.8148599318039814,0.8219898235358062
160,0.8,0.8076923076923077,0.7966758546750464,0.6367688776776409,0.8039578883193036,0.7981877407994787
161,0.8,0.8148148148148148,0.8435577586165076,0.6539094962934046,0.8148599318039814,0.8219898235358062
162,0.6,0.875,0.7626033165802194,0.6270551175385688,0.8245986860967487,0.875240192381909
163,0.6,0.875,0.7626033165802194,0.6270551175385688,0.8245986860967487,0.875240192381909
164,0.4,0.125,0.2373966834197802,0.3729448824614312,0.1754013139032513,0.1247598076180906
165,0.0,0.1785714285714285,0.2008499622752702,0.3661588363514022,0.17021068906217,0.1719780259058368
166,0.2,0.1851851851851851,0.1564422413834921,0.3460905037065954,0.1851400681960184,0.1780101764641939
167,0.8,0.8076923076923077,0.7966758546750464,0.6367688776776409,0.8039578883193036,0.7981877407994787
168,0.6,0.7777777777777778,0.8028914800516994,0.6450116195355023,0.8107655380931664,0.7687745615758295
169,0.6,0.7777777777777778,0.8028914800516994,0.6450116195355023,0.8107655380931664,0.7687745615758295
170,0.8,0.8076923076923077,0.7966758546750464,0.6367688776776409,0.8039578883193036,0.7981877407994787
171,0.6,0.875,0.7626033165802194,0.6270551175385688,0.8245986860967487,0.875240192381909
172,1.0,0.8214285714285714,0.7991500377247301,0.6338411636485979,0.82978931093783,0.8280219740941628
173,1.0,0.8214285714285714,0.7991500377247301,0.6338411636485979,0.82978931093783,0.8280219740941628
174,0.8,0.8076923076923077,0.7966758546750464,0.6367688776776409,0.8039578883193036,0.7981877407994787
175,0.6,0.7777777777777778,0.8028914800516994,0.6450116195355023,0.8107655380931664,0.7687745615758295
176,1.0,1.0,0.7585997267236699,0.7002449180609417,0.7978518259146397,0.97
177,0.0,0.0,0.0707387345647256,0.2007573943797733,0.1813886316284868,0.0616666666666666
178,0.4,0.0,0.2451447695592959,0.2927975350153682,0.2915965944906616,0.444
179,0.0,0.0,0.1518120250513358,0.2649532281027528,0.212651975588368,0.2
180,0.8,1.0,0.8308991622526193,0.685464091127252,0.8244117953000746,0.9
181,0.4,0.0,0.1785912115433175,0.2897667092943146,0.2208877498383512,0.17
182,0.6,0.0,0.8554537342403662,0.7734251904181189,0.7805527593443713,0.19
183,0.8,1.0,0.8202336149517321,0.7059353572682088,0.7985903365344759,0.92
184,1.0,1.0,0.4289204126021596,0.7541315692612581,0.8262340815972256,0.93
185,1.0,1.0,0.9169963979618122,0.7767250126666069,0.844729316181483,0.99
186,0.8,1.0,0.8357581654509141,0.7463123593205007,0.8043084878986999,0.93
187,0.6,1.0,0.7558053244943838,0.711615859827708,0.717749218789008,0.6359999999999999
188,0.2,0.0,0.7655636701934226,0.7018542136816921,0.7440934864189572,0.16
189,0.6,0.0,0.0669711841405172,0.7067587131306804,0.7589125888377544,0.71
190,0.4,0.0,0.243201983582916,0.2840105534560964,0.2731237713267984,0.3066666666666666
191,0.8,1.0,0.8193547506995236,0.7584058227556156,0.8139276726786728,0.93
192,1.0,1.0,0.7802493862657066,0.7429699554243216,0.7875025367881604,0.96
193,0.6,1.0,0.7694583328156821,0.7013200405313074,0.7814532347262404,0.795
194,0.8,1.0,0.6376416863638781,0.7335690981346679,0.8336199544666649,0.76
195,1.0,1.0,0.8087361412239105,0.6651948094728592,0.8131819512186442,0.9675119047619049
196,0.2,0.0,0.1906753144988955,0.2747277413093844,0.1758983243221965,0.07
197,0.2,0.0,0.1906682690410657,0.2392326453697902,0.2370281209313792,0.31
198,1.0,1.0,0.7957725670200954,0.7417905312253876,0.8009662502065846,0.93
199,1.0,1.0,0.8816253330637316,0.7869684264428467,0.7833895148381637,0.9463333333333334
200,1.0,1.0,0.7890778924331567,0.7677133544922585,0.7985434858343491,0.905
201,1.0,1.0,0.810046810846985,0.7650981816234367,0.8030202022818176,0.99
202,0.8,1.0,0.7899751004000287,0.765618058995881,0.8037811076855013,0.97
203,0.2,0.5,0.1710420113936653,0.2649765994842524,0.1930855566485728,0.1804523809523809
204,0.8,1.0,0.8221452203234992,0.7851541431550408,0.8339952628342844,0.97
205,0.8,1.0,0.8395347497104032,0.7706703288909462,0.8212276804369425,0.86
206,1.0,1.0,0.897945105304805,0.7969637528998366,0.7873343579373312,1.0
207,1.0,1.0,0.8199487284731448,0.6835884315698622,0.8486739262915448,0.890462481962482
208,1.0,0.0,0.7722407824308174,0.782270789862545,0.848303931233355,0.52
209,1.0,1.0,0.898024729061092,0.7999689265351664,0.7901004908912833,1.0
210,0.6,1.0,0.8815252429866118,0.8032487756128153,0.8084274952158216,0.53
211,0.8,0.8,0.8089589874831714,0.6910204569582308,0.8298737614807279,0.7964384089707339
212,0.8,0.7407407407407407,0.849994546166005,0.7023447637946445,0.8149637483733566,0.7458602196490625
213,0.8,0.7931034482758621,0.764978594103129,0.6808446987175265,0.8247336118967101,0.7857118053469292
214,0.8,0.75,0.797253644676912,0.6898794433291047,0.8040464554619422,0.7699327938748013
215,0.8,0.75,0.797253644676912,0.6898794433291047,0.8040464554619422,0.7699327938748013
216,0.2,0.25,0.2027463553230884,0.3101205566708954,0.1959535445380577,0.2300672061251987
217,0.8,0.7931034482758621,0.764978594103129,0.6808446987175265,0.8247336118967101,0.7857118053469292
218,0.8,0.7931034482758621,0.764978594103129,0.6808446987175265,0.8247336118967101,0.7857118053469292
219,1.0,0.7666666666666667,0.8083618724886029,0.6975729170992242,0.8108431681722155,0.7704943204919604
220,0.8,0.7407407407407407,0.849994546166005,0.7023447637946445,0.8149637483733566,0.7458602196490625
221,0.8,0.7407407407407407,0.849994546166005,0.7023447637946445,0.8149637483733566,0.7458602196490625
222,0.2,0.2,0.1910410125168287,0.3089795430417693,0.1701262385192724,0.2035615910292659
223,0.2,0.2068965517241379,0.2350214058968708,0.3191553012824734,0.1752663881032899,0.2142881946530708
224,0.8,0.75,0.797253644676912,0.6898794433291047,0.8040464554619422,0.7699327938748013
225,0.2,0.25,0.2027463553230884,0.3101205566708954,0.1959535445380577,0.2300672061251987
226,0.0,0.2333333333333333,0.1916381275113966,0.3024270829007757,0.1891568318277846,0.2295056795080394
227,0.8,0.7407407407407407,0.849994546166005,0.7023447637946445,0.8149637483733566,0.7458602196490625
228,0.6,0.0,0.840480051691162,0.7379152488536117,0.8349400621981473,0.3366666666666667
229,0.8,0.8,0.8089589874831714,0.6910204569582308,0.8298737614807279,0.7964384089707339
230,0.8,0.75,0.797253644676912,0.6898794433291047,0.8040464554619422,0.7699327938748013
231,1.0,0.7666666666666667,0.8083618724886029,0.6975729170992242,0.8108431681722155,0.7704943204919604
232,0.2,0.2068965517241379,0.2350214058968708,0.3191553012824734,0.1752663881032899,0.2142881946530708
233,0.8,0.75,0.797253644676912,0.6898794433291047,0.8040464554619422,0.7699327938748013
234,0.8,1.0,0.8570947137035152,0.7838471604086414,0.8087478594931748,0.6
235,1.0,1.0,0.9077904546721632,0.811501859017372,0.8534415823797238,0.9733333333333332
236,0.8,1.0,0.6761920812993568,0.785913700608883,0.8140806525955183,0.89
237,0.8,1.0,0.92943276012268,0.8184589362236203,0.8290536750815328,0.885
238,0.8,1.0,0.8286350978664442,0.7150477504642007,0.8383696099152459,0.7438044733044733
239,0.8,1.0,0.8445395595411389,0.766179440139781,0.8611140813165503,0.92
240,0.8,1.0,0.7563464849368903,0.7924648957441363,0.802878593878125,0.81
241,0.4,1.0,0.2565988900096189,0.2130625173872846,0.1818732307437225,0.4733333333333334
242,1.0,1.0,0.0003514387789396,0.6997271039476785,0.886534469988798,0.93
243,0.0,0.0,0.1753622143574847,0.2700152404420944,0.1811474089468526,0.0266666666666666
244,0.0,0.0,0.9511672135706006,0.2506212466194903,0.1742574062919168,0.06
245,0.8,0.0,0.8768173617799945,0.788583620887518,0.8054851864522495,0.7041666666666666
246,0.6,0.0,0.8464999741262497,0.7889572800224647,0.8433953124052351,0.58
247,0.8,1.0,0.616215298368801,0.7798547022229682,0.8307083156176226,0.81
248,1.0,1.0,0.5346756905510073,0.8084811747583256,0.8374749336287,0.88
249,1.0,1.0,0.8818788142935731,0.8125505090236256,0.8157197184768508,0.9861004273504274
250,1.0,1.0,0.9249379462808544,0.8249829857982564,0.8298112634408636,0.9981818181818182
251,1.0,1.0,0.8818788142935731,0.8125505090236256,0.8157197184768508,0.9861004273504274
252,1.0,0.0,0.8002103963744758,0.798505011067757,0.8483151431185977,0.695
253,0.2,0.0,0.1185077234761991,0.19109329515573,0.1655697552355258,0.1
254,0.0,0.0,0.0704496995268548,0.1776204177425485,0.1693550575197035,0.115
255,0.8,1.0,0.3988900885943056,0.7459213669368057,0.800595242657449,0.87
256,1.0,1.0,0.8384996436730482,0.7549062768322775,0.8700790063586389,0.92
257,1.0,1.0,0.961922753319668,0.8037959830240631,0.858981682198354,0.9116666666666668
258,0.6,1.0,0.8380926507076311,0.802572125009198,0.8213465013529522,0.8166666666666668
259,1.0,0.0,0.8250145432551864,0.7408846678306886,0.8263432681588669,0.9266666666666664
260,1.0,1.0,0.5673542538906784,0.769720066705866,0.8182016941760876,0.96
261,0.6,0.0,0.8239173863650916,0.7643448625678446,0.8331705831969533,0.28
262,0.2,0.0,0.6245302578259003,0.206722100756814,0.1874069034212023,0.06
263,1.0,1.0,0.8225644867655649,0.722439694636541,0.8700689280759183,1.0
264,0.0,0.0,0.1591811228027088,0.2306244279037388,0.1234797198201323,0.11
265,1.0,1.0,0.8739926763492589,0.8328741691920628,0.8483837799526706,1.0
266,0.4,0.0,0.1473191820590582,0.1994394092537894,0.1396740293766384,0.14
267,1.0,1.0,0.7690593297290866,0.7196330581932263,0.8601305778378818,0.93
268,0.6,1.0,0.8165855875774003,0.8132031513580189,0.8415646838607191,0.7
269,1.0,1.0,0.7961141038186765,0.8432409175720842,0.8626121586585,0.9
270,0.6,1.0,0.9431505633917154,0.8466658580028643,0.814964732621955,0.385
271,1.0,1.0,0.8611564961688373,0.8112379204852089,0.9064360274078436,0.87
272,0.8,1.0,0.9718959624557276,0.827109497729484,0.8475860847177269,0.9081666666666668
273,0.6,1.0,0.8635670289339299,0.7820512872673504,0.84039749093375,0.595
274,1.0,1.0,0.8595178637927599,0.8372618949004059,0.8709489900030765,1.0
275,1.0,1.0,0.8739926763492589,0.8328741691920628,0.8483837799526706,1.0
276,0.8,1.0,0.8553907857016997,0.8130022855052101,0.866672422063695,0.86
277,0.8,1.0,0.6635748139910921,0.807565774829824,0.8298071686541785,0.98
278,0.6,1.0,0.7795981049302474,0.7598009603510332,0.8449227389473956,0.76
279,0.8,0.0,0.0928620958462889,0.7755567221796791,0.8206846582138267,0.65
280,0.6,1.0,0.8599938558518082,0.8241728066036663,0.837124994405186,0.6166666666666667
281,0.8,1.0,0.0838691104837014,0.7430595241190935,0.7974544162939058,0.87
282,0.4,1.0,0.0445112575908105,0.1384792759545631,0.1811788390585787,0.72
283,0.8,1.0,0.9301800131491016,0.8465951760378803,0.8377712995917557,0.6508333333333333
284,0.6,0.0,0.8217513587676432,0.7825966977664915,0.8320749975329496,0.34
285,0.8,1.0,0.9376303466510792,0.8282448044236722,0.8181587092704775,0.99
286,1.0,1.0,0.9134779903542944,0.8334297710884202,0.8145645120528874,1.0
287,0.8,1.0,0.7727013085103385,0.7389000339166115,0.8584371150031266,0.97
288,0.0,0.0,0.0847961465447004,0.1921215608411147,0.1802308106353229,0.0
289,0.2,0.0,0.0327908898262468,0.1539563599795864,0.1750235397059927,0.1266666666666666
290,0.4,0.0,0.0395350775748609,0.1354460635610399,0.1942464420867247,0.08
291,0.4,0.0,0.0343150877454444,0.1332804572944126,0.1573859125742951,0.29
292,1.0,0.5,0.7840548190934743,0.7936667393838411,0.8577988772046905,0.885
293,1.0,1.0,0.9169923751165912,0.8350048400706592,0.8037217364886291,0.71
294,0.8,1.0,0.9292408424080284,0.8502047758155393,0.8384117607183044,0.88
295,1.0,1.0,0.9092452312556524,0.8391891687176912,0.8163386509488502,1.0
296,0.8,1.0,0.8619222349604378,0.8304695459980659,0.8122224124832654,0.75
297,0.8,1.0,0.9672091101737532,0.8460436400204135,0.8249764602940073,0.8733333333333334
298,1.0,1.0,0.955187186363358,0.8712415766256597,0.8153445696428608,1.0
299,1.0,1.0,0.955187186363358,0.8712415766256597,0.8153445696428608,1.0
300,1.0,1.0,0.955187186363358,0.8712415766256597,0.8153445696428608,1.0
301,1.0,1.0,0.955187186363358,0.8712415766256597,0.8153445696428608,1.0
302,1.0,0.8571428571428571,0.9586087767381368,0.8665882150554913,0.8050455049868361,0.8620471750471748
303,1.0,0.875,0.9630000179642526,0.8737714118785114,0.8344293890792815,0.8871296677179026
304,0.8,0.0,0.8248169090365631,0.7854224894556401,0.8652069593981169,0.54
305,0.8,1.0,0.9620308722682372,0.8456409605800754,0.8311612370741369,0.796666666666667
306,0.0,0.0,0.0905494470309092,0.1558339226600024,0.1806219997748241,0.0
307,0.8,1.0,0.8620762285822019,0.8517672142518755,0.8122927333890624,0.96
308,1.0,1.0,0.930708342216378,0.8479789444131381,0.8396407179095136,0.92
309,0.6,1.0,0.9810557630273552,0.8884691967342098,0.8451322570524827,0.8275
310,0.6,0.0,0.9827097225095832,0.876276380778108,0.8190303872594629,0.3705
311,0.8,0.0,0.9303652005087386,0.8600907400733133,0.841730751117098,0.59
312,1.0,1.0,0.9128177862668896,0.834205626252121,0.8062656780039938,0.77
313,0.6,1.0,0.8560785295608179,0.8523178636650627,0.8530514099951422,0.8275
314,1.0,1.0,0.8357716102353411,0.79458504595284,0.8252374809725052,0.9812184052506632
315,1.0,1.0,0.8651190180350503,0.8013934906327622,0.8037856679919023,0.9677171126364672
316,1.0,1.0,0.8213969678241488,0.7660160476588501,0.848600010461794,0.94
317,0.6,1.0,0.9127804791849452,0.8370048951524399,0.8063742816951328,0.77
318,0.4,0.0,0.9698715164747492,0.8591591037940164,0.8213359669923642,0.3675
319,0.2,0.0,0.151587539278039,0.1255505830367413,0.1771378760421341,0.07
320,0.8,0.0,0.9388001243372532,0.8551905058364813,0.822063867550735,0.63
321,1.0,1.0,0.2628838737242284,0.849668329068921,0.8527601149760231,1.0
322,0.0,0.0,0.1119310695237133,0.1451184701646804,0.1892301613671634,0.17
323,0.8,1.0,0.9333816285121356,0.8653647756785408,0.8430713871992589,0.99
324,0.0,0.0,0.0563812422657469,0.1205917713125981,0.1359190999248947,0.02
325,1.0,1.0,0.9645377402977616,0.8784580431727402,0.8501263224162751,0.99
326,0.8,0.8888888888888888,0.9373537733407954,0.8660604295825955,0.8279865536415375,0.8279924732130614
327,0.8,1.0,0.8186024461271199,0.7749961710732972,0.8166411316331531,0.8760000000000001
328,0.8,1.0,0.3463823872520252,0.8712046033150943,0.8407800009902946,1.0
329,0.2,0.0,0.0638981443444924,0.1329489574368866,0.1632341261916623,0.01
330,0.8,1.0,0.9737883661733386,0.8857486341856963,0.8679669133781244,0.925
331,0.8,1.0,0.9485972436402924,0.8750898887908848,0.8199009048354993,0.97
332,1.0,1.0,0.969786773165005,0.8847891618831654,0.838669476219225,0.9975
333,0.0,0.0,0.0302132268349948,0.1152108381168346,0.1613305237807751,0.0025
334,0.2,0.0,0.1129031596048083,0.1275230889574797,0.1554069143670539,0.03
335,1.0,1.0,0.9639208086894736,0.887134540401173,0.8271493994029304,0.937229797979798
336,0.0,0.0,0.0248143480857928,0.1064773934350897,0.1812284516323499,0.0383333333333333
337,1.0,1.0,0.8845310241670128,0.8463756737955028,0.8372097402403399,0.99
338,0.8,0.0,0.8693655033889522,0.878734105955637,0.8481200241746214,0.54
339,0.0,0.0833333333333333,0.0956682939108739,0.1633904323125756,0.1961491446674278,0.0825761903215463
340,0.6,1.0,0.9222303402098792,0.850330433004639,0.823535820353491,0.87
341,0.8,1.0,0.9557768426098544,0.8784018381857723,0.8203102348203644,0.59
342,0.0,1.0,4.059910731617518e-17,0.2955279295065991,0.429496438053654,0.7
343,0.6,1.0,0.931822811969933,0.8860974450650814,0.8247123095572462,0.74
344,1.0,0.8888888888888888,0.9301527509200878,0.8370251239738413,0.815027762368246,0.8732406898656897
345,0.6,0.8461538461538461,0.9073169297097278,0.8416837002605174,0.8107065542599371,0.8594989622091012
346,1.0,0.8461538461538461,0.9156299264235328,0.8457260404653333,0.8310322890484594,0.8493054300790365
347,1.0,0.9166666666666666,0.9043317060891256,0.8366095676874243,0.8038508553325722,0.9174238096784532
348,0.8,0.7777777777777778,0.8777691727778343,0.8307343269321135,0.8253458563605027,0.7669823422191838
349,0.8,0.7777777777777778,0.8777691727778343,0.8307343269321135,0.8253458563605027,0.7669823422191838
350,0.8,0.7777777777777778,0.8777691727778343,0.8307343269321135,0.8253458563605027,0.7669823422191838
351,0.8,0.7777777777777778,0.8777691727778343,0.8307343269321135,0.8253458563605027,0.7669823422191838
352,1.0,1.0,0.9128395993938546,0.8478223172369674,0.806471819088071,0.89
353,0.8,1.0,0.911088227435518,0.8735081648505095,0.8329448864397354,0.79
354,1.0,1.0,0.8827652965401336,0.8430052249867949,0.8390644721148036,0.9016666666666666
355,1.0,1.0,0.963178949419382,0.8879894482564789,0.839574309545387,1.0
356,0.6,1.0,0.7874380934623036,0.8062187029997505,0.8798444050306881,0.8
357,0.6,0.5,0.97860201468408,0.9025276055236126,0.8553699356113249,0.6214999999999999
358,1.0,1.0,0.960756768483166,0.8804066970665093,0.8052702340730322,0.9426666666666668
359,1.0,1.0,0.8769061592102255,0.835081909145869,0.8076655617064464,0.77
360,0.8,0.0,0.7274192039562538,0.8655072398194138,0.8438833423935167,0.91
361,1.0,1.0,0.9636829308753746,0.8939254410824642,0.8231133395117658,0.8053333333333333
362,1.0,1.0,0.9139291568891958,0.8577696027970345,0.8191970780676374,0.99
363,0.8,1.0,0.8357906344207134,0.8645512881445644,0.8336615666416599,0.72
364,0.8,1.0,0.918078109928936,0.8579417677280965,0.8381479906639038,0.86
365,0.8,1.0,0.92838091932963,0.9054268807885734,0.807352266337389,0.98
366,0.2,0.0,0.0315920235194191,0.1200630791836874,0.1815866211726805,0.1004948107448107
367,0.8,1.0,0.8445293044165432,0.8401945106569457,0.8097810253145095,0.86
368,1.0,1.0,0.970683052614199,0.8920951720454087,0.8184741230926237,0.87
369,1.0,1.0,0.9273565952980372,0.8754093979396799,0.8453834160105176,0.98
370,0.0,0.0,0.0267026242693556,0.0954645627437755,0.1732354822742123,0.005
371,0.0,0.0,0.1741172915872752,0.168427757163626,0.1432895260045462,0.04
372,1.0,1.0,0.9668597561124812,0.9034483796029128,0.8398915040514618,1.0
373,0.8,1.0,0.8023640388208624,0.8403891028034703,0.8766904157194262,0.66
374,1.0,1.0,0.8885395962657409,0.8935895512710007,0.8340791342031078,0.91
375,1.0,1.0,0.9682896383987528,0.9108990921662246,0.8410675550253216,0.94
376,0.2,0.0,0.0642085220279452,0.102363082501247,0.1525855671508869,0.08
377,0.8,1.0,0.9683905537932608,0.9198120386876988,0.8420240192505398,0.875
378,1.0,1.0,0.9581985514661252,0.8895065151072471,0.830523979094353,1.0
379,1.0,1.0,0.951882842291918,0.8837760463453518,0.8107796351815585,1.0
380,1.0,1.0,0.951882842291918,0.8837760463453518,0.8107796351815585,1.0
381,1.0,1.0,0.9581985514661252,0.8895065151072471,0.830523979094353,1.0
382,1.0,1.0,0.951882842291918,0.8837760463453518,0.8107796351815585,1.0
383,1.0,1.0,0.951882842291918,0.8837760463453518,0.8107796351815585,1.0
384,1.0,1.0,0.9349580087531169,0.8752196005955859,0.8250599697411736,1.0
385,1.0,1.0,0.9581985514661252,0.8895065151072471,0.830523979094353,1.0
386,1.0,1.0,0.9369151206008364,0.9201672517661782,0.8322024106102545,0.98
387,1.0,1.0,0.954083101963668,0.879795744655975,0.8039032086172628,1.0
388,1.0,1.0,0.9637168571718564,0.8775668350160126,0.8150902419515487,1.0
389,1.0,1.0,0.8643677010828955,0.8834011185800807,0.8500386180841185,0.78
390,1.0,1.0,0.957448375659871,0.9264725215553514,0.8143700385762089,0.945
391,1.0,1.0,0.9306170900891004,0.9031622522926004,0.8083396467661305,0.99
392,1.0,1.0,0.9312936279283422,0.9049299437844424,0.8083771122057256,0.99
393,1.0,1.0,0.8281689605028008,0.8514747845626829,0.8475601310351468,0.96
394,1.0,1.0,0.9045651339507792,0.9079439316536304,0.8400695908509085,0.98
395,0.8,1.0,0.9825148726503968,0.9260543066919412,0.8375092201003682,0.9
396,1.0,1.0,0.9295266342546724,0.933723635042658,0.8147984661247109,0.99
397,0.0,0.0,0.0026229547997264,0.0626917374037099,0.1969713478225612,0.1037552031302031
398,0.8,0.0,0.9960498843453032,0.9384106036772848,0.814053252080399,0.44
399,0.8,1.0,0.9760212996338532,0.9469337301720432,0.8334954812555414,0.92
400,0.0,0.0,0.0056989142809012,0.0666201108939503,0.1714196019969384,0.0
401,0.8,1.0,0.989846330572992,0.920516885270618,0.8044063495879357,0.91875
402,1.0,1.0,0.997439270945164,0.9391498419395106,0.8318291022782931,0.8916666666666666
403,0.8,1.0,0.9980688115586924,0.9423299459698729,0.8520843305748557,0.98
404,1.0,1.0,0.9798953609530126,0.9134688036691188,0.8038753064828078,1.0
405,1.0,1.0,0.9474433423996954,0.9256485757328292,0.8309615534463269,0.9633333333333334
406,1.0,0.0,0.9572933761473574,0.9088369497011314,0.8142211990267127,0.78
407,1.0,1.0,0.9769191367558564,0.9122861152279887,0.8298687524134248,1.0
408,1.0,1.0,0.9625443177819434,0.898982704006946,0.8246472712224907,1.0
409,1.0,1.0,0.9725626199970324,0.9061296905930468,0.8107111467071468,1.0
410,1.0,1.0,0.9757839838032908,0.9027960804890072,0.8038369124938489,1.0
411,1.0,1.0,0.9769191367558564,0.9122861152279887,0.8298687524134248,1.0
412,1.0,1.0,0.9769191367558564,0.9122861152279887,0.8298687524134248,1.0
413,1.0,1.0,0.9625443177819434,0.898982704006946,0.8246472712224907,1.0
414,0.8,1.0,0.966562282745674,0.9194074483478984,0.8307467654647749,0.99
415,1.0,1.0,0.9757839838032908,0.9027960804890072,0.8038369124938489,1.0
416,1.0,1.0,0.9757839838032908,0.9027960804890072,0.8038369124938489,1.0
417,1.0,1.0,0.9625443177819434,0.898982704006946,0.8246472712224907,1.0
418,1.0,1.0,0.9769191367558564,0.9122861152279887,0.8298687524134248,1.0
419,1.0,1.0,0.9769191367558564,0.9122861152279887,0.8298687524134248,1.0
420,0.8,1.0,0.9646368022077592,0.9068606589083226,0.8321918629295422,1.0
421,1.0,1.0,0.997382120695785,0.939660904239324,0.8038987863198247,0.996931818181818
422,1.0,1.0,0.9746678217391416,0.9134095832734936,0.812217379906787,1.0
423,1.0,1.0,0.997382120695785,0.939660904239324,0.8038987863198247,0.996931818181818
424,0.8,1.0,0.9959374632635613,0.9418256050213396,0.8121638794819533,0.9883333333333332
425,1.0,1.0,0.9722091882243744,0.94142382367463,0.8351045772562337,1.0
426,1.0,1.0,0.982140338994733,0.9338769841810148,0.8027980078542715,0.76
427,1.0,1.0,0.998821194420788,0.9563724529351793,0.8289279667054507,1.0
428,1.0,1.0,0.9562340373142004,0.935980101421662,0.8167382607998034,0.975
429,0.8,1.0,0.9983957747146311,0.9508407448179002,0.8116878541445058,0.84
430,1.0,1.0,0.9825903925882312,0.9357512766900214,0.8324111984262555,0.94
431,0.8,1.0,0.921714750462366,0.9127976637314508,0.8174031751465254,0.97
432,0.8,1.0,0.8913299239063889,0.895847340599551,0.8044334324864687,0.93
433,0.0,0.0,0.0233145932394158,0.0447900562275199,0.1842069953494481,0.01
434,1.0,1.0,0.9581305753097208,0.9316521117107748,0.8168157128489286,1.0
435,0.8,0.0,0.9693381288420913,0.9126555910797368,0.8144059174014904,0.31
436,0.8,0.0,0.9743667742022885,0.9564554234133298,0.8188377261673764,0.46
437,0.8,1.0,0.9969374899788668,0.9366480849076816,0.8157006431709198,0.9766666666666668
438,1.0,1.0,0.971073282845258,0.9424045820375196,0.8333817860226562,1.0
439,0.8,1.0,0.9348862226789352,0.9385875770622436,0.8089012962923069,0.76
440,0.8,0.0,0.9909099427673894,0.973149507298737,0.8267280339291695,0.87
441,1.0,1.0,0.983290991544558,0.9447086148312438,0.8304753224178014,1.0
442,1.0,1.0,0.9241678814856022,0.9390087651602858,0.827599522148101,0.82
443,1.0,1.0,0.9375144368634648,0.933489419960208,0.8401513289255057,0.71
444,1.0,1.0,0.944480096139281,0.93814117279238,0.8051482205143812,0.97
445,0.8,1.0,0.9916475273382452,0.9526664260204278,0.826964982011313,0.94
446,1.0,1.0,0.9945214381825284,0.94440640412314,0.8259211695608172,1.0
447,1.0,1.0,0.997700263371402,0.9506970661783216,0.8252703911555194,1.0
448,1.0,1.0,0.9987134605534068,0.9473742683254786,0.8163428908740434,1.0
449,1.0,1.0,0.9974983952274228,0.9489536787633353,0.8132902201235565,0.96
450,1.0,1.0,0.9760313333205444,0.9351620052443742,0.8089181290306807,0.98
451,1.0,1.0,0.9977585918397442,0.9518874793993066,0.8248050517420976,1.0
452,1.0,1.0,0.9961008741407746,0.9501595825187652,0.8110410472083962,0.99
453,1.0,1.0,0.9988426257418352,0.9615991581352256,0.8304966377752161,1.0
454,1.0,0.9230769230769232,0.9964838275839072,0.9397639293978796,0.8153624301155394,0.9306567668377296
455,1.0,0.9230769230769232,0.9956181152957432,0.9460239388371604,0.810782474962603,0.9131774383316984
456,1.0,0.9090909090909092,0.9970773301687704,0.9439673207310934,0.8043026357381131,0.9020269314019312
457,0.8,0.9285714285714286,0.9965992937038392,0.9517672107318365,0.8299208202257268,0.9218670649955476
458,1.0,0.9230769230769232,0.9956181152957432,0.9460239388371604,0.810782474962603,0.9131774383316984
459,1.0,0.9230769230769232,0.9956181152957432,0.9460239388371604,0.810782474962603,0.9131774383316984
460,0.8,0.9285714285714286,0.9965992937038392,0.9517672107318365,0.8299208202257268,0.9218670649955476
461,1.0,0.9090909090909092,0.9970773301687704,0.9439673207310934,0.8043026357381131,0.9020269314019312
462,1.0,0.9090909090909092,0.9970773301687704,0.9439673207310934,0.8043026357381131,0.9020269314019312
463,0.0,0.0,0.0059830952647196,0.0583538867430057,0.175387515412024,0.0
464,1.0,0.9090909090909092,0.9970773301687704,0.9439673207310934,0.8043026357381131,0.9020269314019312
465,1.0,1.0,0.9940169047352804,0.9416461132569942,0.8246124845879759,1.0
466,1.0,1.0,0.9978561787696276,0.9585688341101144,0.80341704216064,0.91
467,1.0,1.0,0.9988189332227856,0.955282660321182,0.8169964198070666,1.0
468,1.0,1.0,0.996098643382166,0.9565846866335098,0.8108160412538015,1.0
469,0.0,0.0714285714285714,0.0023023599639832,0.0542452792698089,0.1840835168679763,0.0808941730440182
470,1.0,1.0,0.919820163455678,0.9343773582713464,0.8088272349132627,0.92
471,1.0,1.0,0.9992284509617924,0.964363014204148,0.80453312079296,0.95
472,1.0,1.0,0.9988237490138624,0.9564811732741312,0.8194153847731361,1.0
473,1.0,1.0,0.9989846510890424,0.968185065490031,0.8316732311202895,1.0
474,1.0,1.0,0.9610333505707016,0.9562231604921628,0.8106927641665952,1.0
475,1.0,1.0,0.9945398172764004,0.9505773377313292,0.8255005089169205,0.9188809523809524
476,0.0,0.0,0.0001427561659262,0.031958750845187,0.1941515921544756,0.08
477,1.0,1.0,0.999242752644318,0.9684232286040868,0.8046190002073732,1.0
478,1.0,0.9285714285714286,0.9989717872541034,0.9553125041501546,0.8053476332650235,0.9152463436202596
479,1.0,0.9230769230769232,0.99821926219909,0.956987963245722,0.8114030628600621,0.9273988597401908
480,1.0,1.0,0.998661761690419,0.962255658287615,0.8314430349466418,1.0
481,1.0,0.9230769230769232,0.9975882274674344,0.9534320741660144,0.8256591524525654,0.9055782598034916
482,1.0,0.9285714285714286,0.9989717872541034,0.9553125041501546,0.8053476332650235,0.9152463436202596
483,1.0,0.9230769230769232,0.9975882274674344,0.9534320741660144,0.8256591524525654,0.9055782598034916
484,1.0,1.0,0.998661761690419,0.962255658287615,0.8314430349466418,1.0
485,1.0,1.0,0.998661761690419,0.962255658287615,0.8314430349466418,1.0
486,1.0,1.0,0.997979012287146,0.9640466170501912,0.8268471643113391,0.99
487,0.8,0.0,0.9980527070267536,0.981240679663606,0.8387390852101468,0.8375
488,1.0,1.0,0.9984376491808828,0.9656364549732624,0.8136077312574503,0.98
489,1.0,1.0,0.9947395200285912,0.956274587553455,0.82537013625877,0.9925
490,1.0,1.0,0.9974025332310474,0.9714328345489962,0.834209372969198,1.0
491,1.0,0.5,0.9845411910709232,0.9611988302064648,0.8142962885622211,0.9775
492,1.0,1.0,0.996105431057864,0.972928010859658,0.8420807955822717,1.0
493,1.0,1.0,0.9985492423873586,0.9810613778648822,0.8273523401623638,0.96
494,1.0,1.0,0.9994038185243304,0.9909227019331004,0.8537835695680689,0.97
495,1.0,1.0,0.9993463035195088,0.9917611540445896,0.8562606308476968,0.97
496,0.8,0.0,0.9999990161282613,0.9912280594551764,0.810013188941372,0.87
497,0.8,1.0,0.9999999352354492,0.994289197037621,0.835889420319927,0.98
498,1.0,1.0,0.9999999878720836,0.9922228454266012,0.8071441119081469,0.9917776667776668
499,1.0,1.0,0.9999999983251512,0.9938610610986892,0.7998749251827517,0.9945554445554444
500,1.0,1.0,1.0,0.9998224682861028,0.8109568364428463,0.98
501,0.8,0.0,0.9999999999999928,0.9477099574383564,0.7726661726795613,0.41
502,0.8,1.0,0.9999242910220592,0.821153850585338,0.7982927336230224,0.42
503,0.6,1.0,0.9999999999996376,0.9196728176733892,0.4496440589409483,0.8
504,0.2,0.0,3.5325016680603694e-23,0.0326435831079835,0.0980599808441645,0.0
505,0.4,0.0,0.999953696884507,0.7677494611829486,0.2914872168514542,0.25
506,0.8,1.0,1.0,0.9052773595284562,0.8498623287590037,0.7
507,1.0,1.0,0.9975098544142856,0.7329905541739066,0.83387832687033,0.71
508,0.6,1.0,0.4304631841229837,0.4007652374720684,0.0966076984255309,0.85
509,0.8,1.0,0.9982241923614686,0.6906394138355377,0.7664372845139732,0.73
510,0.4,1.0,0.7672497257155138,0.56458111352432,0.762734479646517,0.66
511,0.6,0.0,0.1795067975707556,0.3913993251411795,0.2370079506844444,0.1654166666666666
512,0.6,1.0,0.4165864246228018,0.4481138987951705,0.1181400528973704,0.7975
513,0.6,1.0,0.4258800710734038,0.4363604107365204,0.2152243440986214,0.8033333333333332
514,0.2,0.0,0.1442699852009195,0.445393911666231,0.2337294244700375,0.11
515,0.6,0.0,0.9271534515895106,0.5695014907427993,0.8484793965696995,0.42
516,0.0,0.0,0.790206278547884,0.6080218544542828,0.5368001740688418,0.045
517,0.8,1.0,0.1951047701974443,0.3970574690085818,0.3817186377302874,0.6239047619047617
518,0.6,1.0,0.9999999999961702,0.8212932689946087,0.3849436619312988,0.82
519,0.8,1.0,0.4387713020847213,0.4709584163201302,0.7290758049997914,0.815
520,0.6,1.0,0.4293321225090804,0.4823336357829167,0.6236669399012285,0.9366666666666668
521,0.6,0.0,0.5670161210405195,0.4879889487030695,0.6237511795466815,0.6738333333333333
522,0.8,1.0,0.5478114522876086,0.4808251429208519,0.6886843989416941,0.8473333333333334
523,0.4,1.0,0.7436132944986331,0.4957711567097033,0.6820282984276766,0.53
524,0.6,0.0,0.4694520370381673,0.4545714033754882,0.6666813884166721,0.36
525,0.2,0.0,0.6638814091211819,0.5867027789494876,0.3468230231522535,0.09
526,0.6,0.0,0.7583412346443328,0.584134881521351,0.5928798231380368,0.2212698412698412
527,0.6,0.3333333333333333,0.1953590431106681,0.4087426491537858,0.276473009247962,0.3595595238095238
528,0.4,0.0,0.0438429238763244,0.5089242172922424,0.4585772298568031,0.46
529,0.6,1.0,3.065478622828302e-05,0.4209272099612535,0.5241624519774651,0.57
530,0.4,0.0,0.1639325719283361,0.409146607228905,0.3861536312886994,0.1729999999999999
531,0.8,1.0,0.1903705226663286,0.3559332625542379,0.3467035105396637,0.9266666666666667
532,0.4,1.0,0.2416607779830676,0.4003520281562016,0.3838323351252881,0.7932857142857144
533,0.4,0.0,0.7306184747770573,0.5954830096463086,0.4035097065215283,0.1588095238095238
534,0.6,0.0,0.7583392220169325,0.5996479718437984,0.616167664874712,0.2067142857142857
535,0.4,0.3333333333333333,0.7855743541547823,0.6134595849800073,0.5739477796870155,0.3443809523809523
536,1.0,1.0,0.1727634034551014,0.3727835421728436,0.381511250727698,0.945
537,0.8,1.0,0.1960767396702907,0.3856251433438693,0.377866330330087,0.59
538,0.6,0.6666666666666666,0.2144256458452177,0.3865404150199927,0.4260522203129846,0.6556190476190474
539,0.6,1.0,0.247556142943462,0.3863570520303132,0.3856765901840729,0.82
540,0.4,0.4,0.1396663531079674,0.3700861763928028,0.1980916398291648,0.3756230158730158
541,0.6,0.5,0.2137692694220466,0.3788742248336204,0.2990811309779727,0.5466666666666667
542,0.8,1.0,0.5881645149891196,0.6272539656079299,0.6311525178046395,0.8475
543,0.0,0.0,0.9429780870198204,0.4124360799208831,0.341549678260604,0.26
544,0.4,0.3333333333333333,0.1721776089372589,0.3421093230814395,0.1996665572449135,0.3416351148851148
545,0.8,0.0,0.2063963816409317,0.7229923857178367,0.8135100448596704,0.75
546,0.2,0.25,0.1857729899511345,0.3362207196040021,0.1980258879332118,0.2426593014828307
547,0.2,1.0,0.1169588140849497,0.5533804421003763,0.4893259490407932,0.64
548,0.8,0.0,0.8278144527930802,0.6192265604477705,0.7684930402375793,0.689073953823954
549,0.6,0.0,0.6868010479002569,0.3423216633728577,0.2480439836685989,0.25
550,0.4,1.0,0.2417708807919687,0.3421112242451672,0.3047451069235644,0.505
551,0.6,0.6666666666666666,0.8166255793211593,0.6650701909723247,0.7758047164498015,0.815
552,0.6,0.0,0.209729403816856,0.3459303854768004,0.2682253188261361,0.6890238095238094
553,0.2,1.0,0.1874700205762699,0.3343332377721463,0.374196614138958,0.273547619047619
554,0.6,1.0,0.868728084120435,0.6525103793202345,0.7938608292642841,0.7338333333333332
555,1.0,1.0,0.8152198349822889,0.6527584418989751,0.7796913440314589,0.9733333333333334
556,0.6,1.0,0.8205964269910898,0.6785494124990242,0.7468558560140696,0.7880714285714285
557,0.4,0.0,0.7343002114530786,0.6787939638681879,0.5889613163583839,0.3023333333333333
558,0.6,0.0,0.7891044118821949,0.6753575055206613,0.7314480874251741,0.2541666666666666
559,0.6,0.0,0.9625262290822326,0.8148392607792876,0.8375586505978307,0.6510714285714286
560,0.4,1.0,0.760904313788618,0.7010761884747432,0.7661447519444174,0.56
561,0.2,0.0,0.5041391642997862,0.3099208213661765,0.220569963055043,0.09
562,0.6,1.0,0.69207981928553,0.6971542158149113,0.7529584774403041,0.94
563,0.0,0.0,0.910845202980923,0.284043604189005,0.1506952507253235,0.1
564,1.0,1.0,0.6376440948542115,0.6919726668688174,0.7349947821471039,0.7916666666666667
565,0.8,1.0,0.1074025881082249,0.714975932304122,0.7957704258508355,0.8
566,0.8,1.0,0.6754546365646948,0.7363079611647166,0.8428007214367985,0.87
567,0.8,1.0,0.8462010734910941,0.704408674961343,0.751731756644929,0.88
568,0.8,1.0,0.6272308471759064,0.7018557503730934,0.745276576797447,0.95
569,0.2,0.0,0.153798926508906,0.295591325038657,0.248268243355071,0.12
570,0.6,1.0,0.7894706931337355,0.6935379808125735,0.7709591961247673,0.6475
571,0.6,1.0,0.7447848251237441,0.7031113914299043,0.7427037330098798,0.625
572,0.6,0.0,0.8197119399538597,0.6926293974937965,0.8092345473163354,0.273788961038961
573,0.2,0.3333333333333333,0.1854621547617347,0.3433142809079825,0.1826912252208867,0.3450963203463202
574,0.6,0.5,0.8615703267799708,0.6702200399890417,0.8187617712039522,0.4716194083694082
575,0.4,0.3333333333333333,0.1905614671523407,0.3485550520664372,0.1891616237466998,0.3022901265401264
576,0.2,0.0,0.1528235012242603,0.2800162842963958,0.2295285080077199,0.04
577,0.4,0.0,0.1284905158988952,0.2807426898340111,0.1984850175596291,0.0693333333333333
578,0.8,0.0,0.7563045378661148,0.737109932465116,0.7705055695533427,0.7975
579,0.8,1.0,0.8672501681959967,0.7762625257195872,0.7796730927446923,0.7333333333333333
580,0.8,1.0,0.7681284720729884,0.6632999456611153,0.7884314108024257,0.9465
581,0.8,0.8076923076923077,0.7966758546750464,0.6367688776776409,0.8039578883193036,0.7981877407994787
582,0.4,0.125,0.2373966834197802,0.3729448824614312,0.1754013139032513,0.1247598076180906
583,0.6,0.875,0.7626033165802194,0.6270551175385688,0.8245986860967487,0.875240192381909
584,0.6,0.875,0.7626033165802194,0.6270551175385688,0.8245986860967487,0.875240192381909
585,0.8,0.8148148148148148,0.8435577586165076,0.6539094962934046,0.8148599318039814,0.8219898235358062
586,0.6,0.7777777777777778,0.8028914800516994,0.6450116195355023,0.8107655380931664,0.7687745615758295
587,0.2,0.1923076923076923,0.2033241453249534,0.3632311223223591,0.1960421116806963,0.2018122592005217
588,1.0,0.8214285714285714,0.7991500377247301,0.6338411636485979,0.82978931093783,0.8280219740941628
589,0.6,0.7777777777777778,0.8028914800516994,0.6450116195355023,0.8107655380931664,0.7687745615758295
590,1.0,0.8214285714285714,0.7991500377247301,0.6338411636485979,0.82978931093783,0.8280219740941628
591,0.6,0.875,0.7626033165802194,0.6270551175385688,0.8245986860967487,0.875240192381909
592,0.8,1.0,0.6882064132240246,0.7130264072505723,0.7999053384520042,0.93
593,1.0,1.0,0.8704051948264676,0.6969379634457789,0.8148565315568262,0.99
594,0.0,0.0,0.42617605294968,0.2939057415306116,0.2338009049968828,0.07
595,0.4,1.0,0.5670228415918126,0.7597628978764206,0.804028373500108,0.73
596,0.6,0.0,0.7562468338530822,0.7091510560710858,0.7365288892823705,0.61
597,0.4,0.2333333333333333,0.1961535716892621,0.3281696702553193,0.1891425110298054,0.2601953712620135
598,0.6,0.0,0.8248916598213661,0.7479728549274025,0.7874287206087549,0.28
599,0.8,1.0,0.8317975499315936,0.6968244961785681,0.8332125986195741,0.72
600,0.8,0.5,0.6797227766026975,0.740043830485539,0.8551003063612337,0.97
601,1.0,1.0,0.8146804686197733,0.6692036963568192,0.8251474933163019,0.9586825396825396
602,0.8,1.0,0.8280097058120816,0.7627228153211123,0.8092142010440956,0.86
603,0.6,1.0,0.8404186587170719,0.7705625083620848,0.7963058587624865,0.65
604,1.0,1.0,0.9291471862773472,0.8020914475102456,0.8383911987168022,0.91
605,0.8,1.0,0.8284337314640698,0.709594565564188,0.8349141991183127,0.7071378066378067
606,0.8,1.0,0.620615993716007,0.8121703443278054,0.82909199996894,0.72
607,1.0,0.0,0.772741509558143,0.7854348866465994,0.8468078048189147,0.54
608,1.0,0.0,0.772741509558143,0.7854348866465994,0.8468078048189147,0.54
609,1.0,0.7666666666666667,0.8083618724886029,0.6975729170992242,0.8108431681722155,0.7704943204919604
610,0.8,0.75,0.797253644676912,0.6898794433291047,0.8040464554619422,0.7699327938748013
611,0.8,0.7931034482758621,0.764978594103129,0.6808446987175265,0.8247336118967101,0.7857118053469292
612,0.8,0.75,0.797253644676912,0.6898794433291047,0.8040464554619422,0.7699327938748013
613,0.2,0.2592592592592592,0.1500054538339954,0.2976552362053555,0.1850362516266433,0.2541397803509374
614,0.8,0.7407407407407407,0.849994546166005,0.7023447637946445,0.8149637483733566,0.7458602196490625
615,0.8,0.75,0.797253644676912,0.6898794433291047,0.8040464554619422,0.7699327938748013
616,0.8,0.75,0.797253644676912,0.6898794433291047,0.8040464554619422,0.7699327938748013
617,1.0,0.7666666666666667,0.8083618724886029,0.6975729170992242,0.8108431681722155,0.7704943204919604
618,0.8,0.7407407407407407,0.849994546166005,0.7023447637946445,0.8149637483733566,0.7458602196490625
619,0.2,0.2,0.1910410125168287,0.3089795430417693,0.1701262385192724,0.2035615910292659
620,0.8,0.7407407407407407,0.849994546166005,0.7023447637946445,0.8149637483733566,0.7458602196490625
621,1.0,1.0,0.8240896006670791,0.8017539049878097,0.8420017212167793,0.94
622,0.8,0.8,0.8089589874831714,0.6910204569582308,0.8298737614807279,0.7964384089707339
623,0.6,0.0,0.1543714115932868,0.2404353144729341,0.1696414174238532,0.1308333333333333
624,0.8,1.0,0.8981079214767694,0.8029406183533878,0.7928439383310922,0.963
625,0.4,0.0,0.0558176685115216,0.1551637727056695,0.1855742275793186,0.07
626,0.6,1.0,0.870097992002334,0.7908951141445257,0.8115057616009967,0.66
627,0.8,0.0,0.7239946010099505,0.7896516273624135,0.8322470601231498,0.67
628,1.0,1.0,0.9381691792330616,0.8147492169984172,0.8153939252522255,1.0
629,0.8,1.0,0.8424397228394087,0.7903336670077048,0.8198332501805754,0.76
630,0.8,1.0,0.5876193284230016,0.8260659019337623,0.819871685564155,0.72
631,0.8,1.0,0.7688763555829784,0.8147068642119045,0.8252454401959705,0.87
632,1.0,1.0,0.8086420079352871,0.7004740284710148,0.8172274643182942,0.9926666666666668
633,0.6,1.0,0.8609771493467175,0.7843712450133197,0.842500426607678,0.6981666666666666
634,0.8,1.0,0.2788901998202789,0.783025269493965,0.8034929750573385,0.99
635,0.4,0.0,0.96157128347557,0.8353875117782023,0.8178393532930331,0.18
636,0.8,0.0,0.1702825963708896,0.7985001183804776,0.8187384857930873,0.71
637,1.0,1.0,0.8178089573922445,0.7985778461371112,0.8539263065347226,1.0
638,1.0,1.0,0.9380215990284247,0.8482124848103365,0.8391323459580848,1.0
639,1.0,1.0,0.9420455331383132,0.8286836717905403,0.8174284272826122,0.865
640,0.0,0.0,0.1775126821639801,0.103082914989348,0.1550541282180547,0.14
641,0.2,0.0,0.1100248856894658,0.1498659231406135,0.1480166028351766,0.18
642,1.0,1.0,0.8577133871840266,0.8315088238986686,0.812785756207326,0.82
643,0.8,0.0,0.9285488283759606,0.8349077796037602,0.8229675139613281,0.77
644,0.8,1.0,0.9267154798380122,0.8339838028379966,0.8193989176313553,0.67
645,0.0,0.0,0.0448128136366417,0.1287584233743403,0.1846554303571393,0.0
646,1.0,0.875,0.9680135745817338,0.8599048202160781,0.8173916552335273,0.8890080613830613
647,1.0,0.8571428571428571,0.9586087767381368,0.8665882150554913,0.8050455049868361,0.8620471750471748
648,0.8,1.0,0.8667104025179936,0.7801453588001173,0.846707807828114,0.94
649,1.0,1.0,0.930708342216378,0.8479789444131381,0.8396407179095136,0.92
650,0.6,0.5,0.899111466121268,0.8536862708797084,0.8669642870048008,0.7496666666666667
651,0.8,1.0,0.8728653776646534,0.8072478822210734,0.810629686515949,0.9771897546897548
652,0.8,1.0,0.9729073138167332,0.8814135889280921,0.8291080169652152,0.9458333333333334
653,0.4,0.0,0.9698715164747492,0.8591591037940164,0.8213359669923642,0.3675
654,1.0,1.0,0.8712642129214223,0.7960954139316156,0.8387961058364343,1.0
655,0.6,0.0,0.937585464143099,0.8640613468302686,0.8322941565925531,0.3186666666666666
656,1.0,1.0,0.4130446406966277,0.8430558323286512,0.8300855926137493,1.0
657,1.0,1.0,0.8216924653312223,0.7726440401159815,0.8510959150731245,0.97
658,0.6,0.0,0.9368779829266936,0.8685835768666728,0.8270716040613216,0.29
659,1.0,1.0,0.917267508504342,0.8455528919340589,0.8054612023713381,0.955
660,0.8,1.0,0.916363943113403,0.8660612814414614,0.8568431846170818,0.9675
661,0.8,1.0,0.9695931176370132,0.8806817723474938,0.8108150282657778,0.7001666666666666
662,1.0,1.0,0.9744848907462256,0.8957215535408772,0.8156635452114193,0.9523333333333334
663,0.8,0.0,0.9792685935444412,0.8901064123461736,0.8054269340749913,0.389090909090909
664,0.8,1.0,0.8957885622346297,0.8850008176723874,0.8102956979745607,0.53
665,1.0,0.8888888888888888,0.9301527509200878,0.8370251239738413,0.815027762368246,0.8732406898656897
666,1.0,0.8888888888888888,0.9301527509200878,0.8370251239738413,0.815027762368246,0.8732406898656897
667,0.8,0.7777777777777778,0.8777691727778343,0.8307343269321135,0.8253458563605027,0.7669823422191838
668,0.0,0.1111111111111111,0.0698472490799119,0.1629748760261586,0.1849722376317539,0.1267593101343101
669,1.0,0.8888888888888888,0.9301527509200878,0.8370251239738413,0.815027762368246,0.8732406898656897
670,0.0,0.0,0.1587961952688405,0.1377468280939035,0.1354564051069585,0.11
671,1.0,1.0,0.8453149504633565,0.8672603933456158,0.8607067860176115,0.89
672,0.8,1.0,0.9793334217556628,0.8923623252956017,0.8071127512427172,0.92
673,1.0,1.0,0.6511208278473064,0.8773551173020279,0.8337217861730389,0.95
674,0.8,1.0,0.7006660519805671,0.8809420720840913,0.8196916241948624,0.79
675,0.8,1.0,0.9438472086230952,0.8900952646563607,0.833223050279594,0.93
676,0.8,1.0,0.981137464011413,0.9025764203991892,0.8391339543139656,0.8206666666666667
677,1.0,1.0,0.9661740340745614,0.8912023281249067,0.8405034484627736,0.984
678,0.8,1.0,0.0860878245845187,0.7624194274481607,0.7844001143751097,0.78
679,0.8,0.0,0.9195151945274468,0.9110936432716592,0.8158217311000453,0.8566666666666666
680,0.8,0.0,0.9566585996749868,0.8866263591881525,0.8172618538009633,0.85
681,0.0,0.0,0.0726640867134142,0.1041696773117368,0.1558872029020196,0.0
682,0.6,0.0,0.7937215707242556,0.8223967557424341,0.8795587213359993,0.44
683,1.0,1.0,0.93965333376169,0.8624555485173586,0.8204504134237773,0.97
684,0.6,0.0,0.944250688085277,0.8791864170990282,0.8199245472760442,0.57
685,1.0,1.0,0.9639523389006364,0.8982027536653322,0.8381917539139571,1.0
686,1.0,1.0,0.9953065798169652,0.904434233912917,0.8331022818694046,0.925
687,1.0,1.0,0.9465993686846668,0.9258037435354644,0.8128869931954498,0.96
688,0.8,0.5,0.9800863240135614,0.9235613907154864,0.8459284115533846,0.8715
689,1.0,1.0,0.9671720867649626,0.9079924176791804,0.8393929065868428,1.0
690,1.0,1.0,0.951882842291918,0.8837760463453518,0.8107796351815585,1.0
691,1.0,1.0,0.954083101963668,0.879795744655975,0.8039032086172628,1.0
692,1.0,1.0,0.9637168571718564,0.8775668350160126,0.8150902419515487,1.0
693,1.0,1.0,0.9581985514661252,0.8895065151072471,0.830523979094353,1.0
694,1.0,1.0,0.9637168571718564,0.8775668350160126,0.8150902419515487,1.0
695,1.0,1.0,0.954083101963668,0.879795744655975,0.8039032086172628,1.0
696,0.0,0.0,0.0162055981018654,0.0656736196470963,0.1558344341897216,0.055
697,0.8,1.0,0.9618269997592932,0.8984108097250645,0.8040760147455626,0.9683333333333334
698,0.8,1.0,0.9709709378357054,0.8994755950608582,0.8166242500838241,0.95
699,0.8,1.0,0.9661376627794618,0.9215410116808532,0.8295565010403847,0.79
700,0.8,0.0,0.9969126502328772,0.930362377280884,0.814273671509716,0.3961820175438596
701,1.0,1.0,0.9754982997924478,0.915961225014022,0.8133292341908627,1.0
702,1.0,1.0,0.9791183533535428,0.8995114229370004,0.8149326599495708,1.0
703,1.0,1.0,0.9769191367558564,0.9122861152279887,0.8298687524134248,1.0
704,1.0,1.0,0.9757839838032908,0.9027960804890072,0.8038369124938489,1.0
705,1.0,1.0,0.9757839838032908,0.9027960804890072,0.8038369124938489,1.0
706,1.0,1.0,0.9757839838032908,0.9027960804890072,0.8038369124938489,1.0
707,0.8,1.0,0.9591059082449098,0.8981462923653325,0.8044780853938196,0.7618974358974359
708,1.0,1.0,0.949284224769275,0.9408659187189164,0.8161938389405009,1.0
709,0.4,0.0,0.1101098133829269,0.1145872883784552,0.1539333333875124,0.137
710,1.0,1.0,0.9972843222605208,0.941447592858784,0.8068789853243571,1.0
711,1.0,1.0,0.998821194420788,0.9563724529351793,0.8289279667054507,1.0
712,0.8,1.0,0.9987816311424978,0.9555947985107852,0.8361306661022415,0.96
713,0.0,0.0,0.0344783055514306,0.0763098382429256,0.1648347736341478,0.06
714,0.8,1.0,0.9725126477882758,0.9477305358349778,0.8130599710879447,0.95
715,1.0,1.0,0.9829162294403574,0.9385692135180028,0.8040436737647869,0.97
716,1.0,1.0,0.9843748382216418,0.9464441684242888,0.8047158974754023,0.84
717,0.8,1.0,0.997394821784548,0.943035368789682,0.8050949066333458,0.9633333333333334
718,1.0,1.0,0.9960861049333848,0.9474384567258968,0.8117210751973007,0.97
719,1.0,1.0,0.9973398159572616,0.9549065526722316,0.8300116919429509,0.99
720,1.0,1.0,0.997273007690412,0.9586898502007868,0.8095097860470726,0.955
721,1.0,1.0,0.9946166524026224,0.9476838664651488,0.825065433259389,0.99
722,1.0,1.0,0.9991515067410188,0.9555590216410506,0.8071136044880843,1.0
723,1.0,1.0,0.9961114564116068,0.9518989405582616,0.810691264836007,0.96
724,1.0,1.0,0.9983539068768056,0.956017519156871,0.8118721581687006,1.0
725,1.0,0.9230769230769232,0.9964838275839072,0.9397639293978796,0.8153624301155394,0.9306567668377296
726,1.0,0.9090909090909092,0.9970773301687704,0.9439673207310934,0.8043026357381131,0.9020269314019312
727,0.8,0.0,0.9990486266040596,0.959750637145802,0.8205603735029492,0.54
728,1.0,0.9230769230769232,0.9964838275839072,0.9397639293978796,0.8153624301155394,0.9306567668377296
729,1.0,1.0,0.9940169047352804,0.9416461132569942,0.8246124845879759,1.0
730,1.0,1.0,0.9988206771157602,0.9554143956813992,0.8189654135236816,1.0
731,1.0,1.0,0.995974861299543,0.951252687541076,0.8109344121982526,0.9533333333333333
732,1.0,1.0,0.9605773411972792,0.9529873303805156,0.811757542611318,1.0
733,0.0,0.0,0.0013382383095815,0.037744341712385,0.1685569650533583,0.0
734,1.0,0.9285714285714286,0.9985252407376448,0.951180648358762,0.8166959262247386,0.9276058269559816
735,1.0,1.0,0.998661761690419,0.962255658287615,0.8314430349466418,1.0
736,1.0,0.9230769230769232,0.99821926219909,0.956987963245722,0.8114030628600621,0.9273988597401908
737,1.0,0.9285714285714286,0.9985252407376448,0.951180648358762,0.8166959262247386,0.9276058269559816
738,1.0,0.9230769230769232,0.9975882274674344,0.9534320741660144,0.8256591524525654,0.9055782598034916
739,1.0,1.0,0.998661761690419,0.962255658287615,0.8314430349466418,1.0
740,0.8,1.0,0.9988428875527572,0.962275071412495,0.8204027430767041,0.98
741,1.0,0.9230769230769232,0.99821926219909,0.956987963245722,0.8114030628600621,0.9273988597401908
742,0.8,1.0,0.9990861919725929,0.9830818323665914,0.8370210021980473,0.62
743,1.0,1.0,0.9885044241002257,0.9682133813488104,0.8141209254244459,0.96
744,1.0,1.0,0.9988999342653708,0.9703051673025122,0.8341275325592135,0.95
745,1.0,1.0,0.9960877201449,0.9653088632429976,0.8136582186820641,0.99
746,1.0,1.0,0.998480674712461,0.973331664080746,0.8199019717265582,1.0
747,0.8,1.0,0.9999999515707992,0.9933797469069868,0.8134656439731903,0.9991666666666668
748,1.0,1.0,1.0,0.999926226897483,0.8281156277023767,0.99
