Row,z_1,z_2
1,0.39581921315661805,0.24214293512329696
2,0.6986203937779111,0.06418447745502456
3,-1.09307729425916,0.8646268808188402
4,-0.9939672023957686,-0.44860668905141027
5,0.74902949050071,0.008236241667066494
6,0.669386795614621,0.3134020630194152
7,0.5492349289533355,0.020380946848061656
8,-0.2982685604743752,-0.24158376652000263
9,0.487388026006327,-0.549152254918275
10,-0.40742574265450204,0.2329604689632943
11,0.37651757545883086,-0.7392857580764036
12,-0.19863106203002773,0.8733258205389999
13,0.7402665076898672,-0.564433428870282
14,-0.4768967430984936,-1.2213200120874086
15,0.05429007587004617,-0.6950683105915525
16,-0.7245829931392304,-1.2221602729953371
17,0.5332397819344737,0.021329290272639835
18,0.7758336948433983,0.16854427972137284
19,0.7705743366854292,-0.14683899286270974
20,-1.1055533512738958,0.805348665744821
21,0.7770112645131022,-0.5920832458978152
22,-0.338107637938403,-0.2438623580519364
23,0.3828457247881588,-0.10884980489112918
24,-0.4495472413995587,0.7126393750900046
25,-1.2513925672899366,-0.8300280325815615
26,-0.37536002025379134,0.050258885386935695
27,-1.0385179993583258,-0.5695574183990088
28,0.49696556358549937,-0.8256334603704725
29,-0.3966724915584501,0.036576185776323454
30,0.0944869148979491,-1.023860343164502
31,-1.1778613591419065,1.0718200148136008
32,0.5009166417935602,0.1852271842498948
33,-0.4861065333935142,-0.24030698239581094
34,0.5392006693957865,-0.13278412839361028
35,0.7421679710773672,-1.2486741808520552
36,-1.0975895001720728,-0.1044734615246763
37,0.6382546961068323,-0.24200617577796568
38,1.3130248986397905,-0.19925652334691574
39,-0.010763201172703796,0.27770453062805306
40,0.7538642549865276,0.4417294560460965
41,0.3367952444407619,0.20436222462626372
42,0.6175612507701838,0.11902003066488054
43,0.6465958563224341,-0.44975979631872254
44,-0.4064667589666833,-0.9629164023159563
45,0.030593149947550052,0.36681375389585036
46,-1.2155934861918345,1.2480238305719147
47,0.3687208103793291,-0.13101012767472028
48,0.7355465204149645,-0.2536777321016861
49,0.754199373967214,0.32362274185006373
50,-0.31535234820204194,0.06926877244170151
51,-0.6126470977162125,-0.3924929816945912
52,0.7208421490816229,-0.5779259511733112
53,0.7705475457063747,-0.14683817229653093
54,-0.18081955339312994,-0.09255655476137853
55,-1.0299364906901354,0.7614454561868119
56,-1.1357333897015354,-0.07356893248482785
57,0.35746442639770504,0.8462351530542556
58,0.13099546850799376,0.11574457516978096
59,0.23179237225219432,0.35506548142897065
60,-0.47615909251223276,0.7327894822319234
61,-1.1545762436914069,-0.7424416793954322
62,0.4951553577128968,-0.8377081472171174
63,0.7388809735163394,0.6459952488680913
64,-0.14068839608117623,-0.5377376963403753
65,0.3361509666272373,0.9980988590623605
66,-0.6275096416431504,-0.19382107467232737
67,0.025073862572183386,0.5386789853356394
68,-1.078821904779728,0.47282356744978615
69,0.6710580344467245,0.012983031983435648
70,0.627809606501973,0.033090970239331136
71,0.321304708572016,1.016481969440761
72,-0.4369063397625288,0.5646091750896788
73,-1.0211531786712924,-0.7479818760513335
74,0.4678432998041355,0.025305856996693157
75,-0.23679498716233685,0.7184800954639979
76,-0.325744916005584,0.7254064291613965
77,-0.8698989480642974,-0.4290834616890864
78,0.3953985036788523,-0.008950430011653073
79,-1.078821904779728,0.47282356744978615
80,0.02244722585319439,0.16951065258367784
81,-1.3350010108932076,0.05828521449203643
82,0.6415717419687241,-0.13899658860662328
83,0.5248236356006931,0.8302418446432104
84,0.7541716264185975,0.323622823199986
85,0.4734204735894549,-0.2854722953903622
86,0.5915778912599198,-0.573617934925331
87,0.560513462217541,0.9286820827204254
88,0.30557239452909113,1.2117159436725928
89,0.7758312484202344,0.16854268236707382
90,0.6313567968857293,-0.41872653693948697
91,-1.1696824621817488,0.2034503150764611
92,0.6340846990912969,-0.08570674612626099
93,0.31632799968336595,0.40874562596392555
94,-0.23563732634517257,0.24085054335256564
95,0.6696577720840308,-1.0580115459462438
96,0.18097950806372226,0.36710092610713074
97,0.1798220490932779,-0.11125133163703932
98,0.04482909817188574,0.05057153920537312
99,0.6723046940221487,0.7849938374953918
100,0.7387532095330787,0.6459981484234919
101,-0.37778472428842746,0.0741048295363302
102,0.6498171779191112,0.17620463886512852
103,0.2442768198795991,1.2753419922590294
104,0.3613606479882459,0.35653354460703224
105,-0.986005326583764,0.3967284803571549
106,-0.3310751779708997,-0.08339139080379568
107,0.265289758592774,0.5818864447308271
108,-1.1864064780504373,0.114166803717278
109,-0.36616433949242844,-0.22387503025386543
110,-0.49830519926892247,-0.8224645485709874
111,-1.034029433585039,0.7419433203667698
112,0.7642379885427371,0.3230142589117518
113,0.5385419051162917,-0.1327629222394004
114,0.5953207211796058,-0.8903319079205921
115,0.6481670886460601,-0.8587151807777891
116,-0.3473530610582638,-0.9789203144424761
117,0.6648516606493983,-0.7565123180318664
118,-0.2225008977399492,-0.2573910638732616
119,0.7306844561919974,0.8582490166467399
120,0.7567799693278552,0.02524972959986238
121,0.033401738304274065,0.5436814724561096
122,-0.13896593240268587,-0.24960404438406772
123,0.7908381250589556,-0.764173046404667
124,0.5248168666905658,0.039323476185717306
125,-0.8136797219289458,0.586171517597296
126,0.5835466091935239,-0.29216712520113297
127,0.6899302869023477,0.3121506184435084
128,-0.48862794564430884,0.5616875594946539
129,0.15514717953729656,-1.0236661497207118
130,0.9935182587422058,0.08243240104878283
131,0.11880626735485052,-0.0932319869987293
132,0.6331087826170372,-0.076210322239224
133,0.7578793074372343,-1.829399961934512
134,-0.016723086843055096,-0.3630520327861503
135,0.42074558353925656,0.04564285326790549
136,0.44955595189871445,-0.6000710505064252
137,-0.9083235662158614,0.35177680807635203
138,0.6711068780063023,0.012981128442047353
139,0.759313018009219,0.007614435709740843
140,0.7388062312987045,0.008864911887390508
141,-1.1433345538053692,-0.8332562527895927
142,-0.5471872029501886,0.5152937136483325
143,-0.9401943493404727,-0.7458311544208637
144,0.6557381176372151,-0.5833988923834204
145,0.7112559429599928,-0.29991346977905076
146,0.44113157294990696,0.5102414632903975
147,0.6931331901534242,-0.6044591497658426
148,0.4385597326469791,-0.4371771432869546
149,0.2554128115747298,0.6254708042331768
150,0.708300971261377,0.3355207182208207
151,0.6712028007543313,0.012978705958489944
152,0.07812009127107622,-0.41620888389031696
153,0.41431788560563526,0.19965973887866195
154,0.6173447388700588,-0.24663200718451958
155,0.23301219889746738,0.3550290924589321
156,-0.40609978364494936,-0.08362323384653267
157,-0.5136959782930646,-0.25858618272091816
158,-0.22825435629909452,-0.31783099662497644
159,0.5490583481260606,0.020386114518661718
160,-0.3016157335612593,0.6992334829531396
161,0.7602211140509375,0.4909247925424575
162,-1.0623800845378495,-0.5716571757852454
163,0.49771326220497103,0.34830208790061884
164,-0.5429007096332148,1.164058043697319
165,0.4427362431745661,-0.4698850906691638
166,-1.0875171372170764,0.32890617248742576
167,-0.5674162949810816,1.278968722368442
168,0.4041164944289011,-0.6784344525540055
169,-0.8129743755387167,0.0034372877296368863
170,0.6800354679074533,-0.14133736175561415
171,0.4092698107048486,-1.4763539927969163
172,-1.0736849545438332,0.15681392282687218
173,-0.4506661027808754,-0.38865872987304967
174,-0.39135213697712845,0.050191750093772
175,0.24257279709598376,0.05622546266277195
176,0.46766735641697793,0.0253106684661929
177,-0.5722805752762519,0.5649844727489295
178,0.5643896593926947,0.01946896151017973
179,-1.1131490851870822,-0.9962939551087011
180,-0.8825118392312297,0.40143375688200245
181,-0.25754477894592054,0.719120477737752
182,-0.5075605753990164,-1.136659921996234
183,0.759433996235485,0.007612902534041557
184,0.4630199021164465,0.34130524415861374
185,0.3878080643880276,1.6017151008292816
186,-0.3765869878014154,-0.3958652300442331
187,-0.4615498381923052,-0.5006545494946298
188,0.6705432543215764,0.1310974000181
189,-1.251390046498625,-0.8300461640581388
190,-0.23852784909167135,0.38206176711422274
191,0.3261652654606212,0.8421331462752814
192,0.40778285706879924,0.3446198222282461
193,-1.0417880519413065,-0.2744464093752075
194,-0.9988929002446166,-1.222895274928225
195,0.7332399626015385,-0.30125220962334803
196,0.519018597968032,0.1934294293304076
197,-0.4528659747122799,-0.3905266781629745
198,-1.1321529550795804,0.2131989812513267
199,0.6829827491581677,0.012257016132751555
200,0.6698280687027447,0.58160528330293
201,0.7491741919814789,-1.2197491724826466
202,0.3139542981226308,-1.1746765051527766
203,-0.5519355527572932,-0.07316004169893447
204,0.7543045559241842,-0.30253331420919805
205,0.681082000635491,-0.6037298375038291
206,-0.23289447785079342,0.13450587515393175
207,0.4954205301298509,-0.23922984036029693
208,0.2965700262515437,0.3602590346646507
209,-1.2800425734375869,1.1342069821838396
210,0.13218756452264335,0.045313573634704736
211,-1.0781399565457273,0.06449704808005745
212,-0.3540807571889003,0.06799140709105599
213,-0.21431683479076757,0.22736171321193274
214,0.5257513386471537,0.5498872646723774
215,0.5641747071088947,0.019475093234503922
216,0.6298333765862336,0.23860802242755785
217,0.7654257703649268,-0.4569763415137953
218,-0.8687986017016692,-0.1993049481457249
219,0.3312787891128042,0.3666430705288956
220,0.7906683466942638,-0.7641676922096237
221,-0.4559681703399365,0.3362084958424463
222,-0.31057021402688834,-0.6561889189304001
223,0.7261985559266846,-0.9573351577044656
224,0.6820461547607504,0.8207036525022992
225,-0.19990275713328137,0.7170585959513877
226,-0.046035122576348286,-0.823299387320251
227,0.16195626342119504,-0.2670095727131228
228,-0.40383158166472105,0.4087037338365137
229,0.6415786398526486,0.18581470103670417
230,0.6465206689035061,0.8228456647948369
231,0.44453397443827125,-0.982094385521218
232,0.7195682606573159,-0.44507901039460396
233,0.38691180548372517,-0.2627633321472142
234,0.16795218882178753,0.20497003613088846
235,-1.1124249976495797,-1.7744301981433284
236,0.7434576859100619,-0.18378985797874375
237,-0.2407861267439198,1.046438535413189
238,-1.146758712679122,-0.5736973819612857
239,-1.0582490034568384,-0.7503364837569253
240,-1.0902367415542351,0.13956245175489923
241,0.6001668338481038,-0.1364766529406204
242,-0.5566657848920268,0.09843203832245029
243,-1.2747119484400296,0.8061313885803592
244,-0.18359134322871515,0.5449458642391414
245,-0.15514488982370817,0.05987394881913152
246,0.39501261867470805,-2.1006861194395716
247,0.08321442849083974,0.2100771033899066
248,0.2872334406392606,-0.9966320399139043
249,0.7704282757611829,-0.7629257922886399
250,0.7302756691850683,0.49632937591570564
251,0.573854536138068,0.5058302879462552
252,0.4674549840083845,0.025316905382737717
253,0.8009473822298334,-0.7647839133101462
254,0.44639929040494164,-0.8907320450703305
255,-1.0736849545438332,0.15681392282687218
256,-0.2757732318299607,-0.3959256246098203
257,-0.7157999963692117,0.39166449876659853
258,0.01957583127337803,0.1696086161902536
259,0.6874120485989225,0.17391820042041528
260,0.47194535069469895,-0.28543409996022706
261,0.6875346456365803,0.17391426022828443
262,0.4837030325991989,-0.22095028210805062
263,-0.7766185522982751,0.9265283296062716
264,-1.0330062533049347,-0.13577236372672863
265,0.665583881809884,0.32899960938436273
266,0.7102912076120488,-0.19146587681676894
267,0.17168632079889493,-0.1109930327342236
268,0.027261428604353988,0.38437162180358575
269,-1.177769600978391,1.0570666321153448
270,0.4546416602018969,0.1973786913440799
271,0.7094718248514302,-0.45357844087382687
272,-0.319094214646222,0.3180069452817791
273,0.4064740367544827,0.8373559143866371
274,-0.24303957753997926,-0.07261262665698806
275,0.3357832031179708,-0.27726129876533984
276,0.5394530450098949,-0.2418917797195737
277,-0.3765279908703816,-0.23661900128931804
278,-0.5394922510424444,1.1638403084959072
279,0.35829198794489525,-0.7381048790138466
280,0.7542097461143871,0.3236218479289967
281,-1.0978871940965464,0.9666695865471
282,0.764489474402951,-0.30315275777593675
283,-0.43421897959212574,0.7479662339405061
284,0.4929770166594852,-0.11541818305384322
285,0.5226741270685891,-0.1317907438588746
286,0.30451433373314163,0.08782661645893543
287,-0.3523327025288071,1.2488748508339595
288,0.06575879008681929,-1.4028553312301215
289,0.682034952713202,0.8207039703516551
290,0.2060353911251013,-0.6667598217434143
291,-0.46091189744151484,-0.9585897426922867
292,-1.0770572961878664,-0.2722978886302264
293,0.5606727220077945,-1.1310930132589458
294,0.710892962612985,0.06338995188706477
295,0.4975912361876387,-0.42135747223621484
296,0.32309285502493124,0.4677402485483422
297,0.38304290774324956,-0.5428978911422675
298,-0.5349122002521064,-0.3363745671238426
299,0.7541905658798712,0.32362225051284144
300,0.6956418728058108,-0.2513866766596538
301,0.38969899958685666,-0.10339733808782622
302,0.39230604701995986,-1.3388989592037492
303,0.15543738137376872,0.3596619502588897
304,-0.9662543958029153,-0.1398255435672921
305,-1.1131817504447636,-0.27489954488370316
306,-0.5172606767428098,-0.07432831568874464
307,0.6711461162609544,0.012980162788687109
308,0.7516318192395803,0.341258410766004
309,0.7087816490072336,0.3438723284810962
310,-0.8288765340888202,0.33242432737492045
311,-0.3641564650114091,-0.3709750405615682
312,-0.01665876811278566,-0.39779680202080625
313,0.18326898451004556,-0.42196221963296765
314,0.4063663573561847,-0.8883868347731066
315,-0.24541931910872047,0.1178788262389017
316,-0.494665278581847,0.2517345162399708
317,0.5986430648990363,-0.727200695667327
318,0.04598313042740668,-0.5055828958473114
319,-0.38054021029372276,0.6526512992042569
320,0.3241760756566474,0.8421856804185837
321,0.69410380569614,-0.24540064310480242
322,-1.2204072156749155,-0.12424027481990889
323,-0.8658863318487389,-0.7941221705242649
324,0.6605444371835574,0.650750370267192
325,0.6508953113473641,-1.1840785091680261
326,-0.6413066786704644,0.2544692488292209
327,0.44654812048516374,-1.0445677345144198
328,0.7062490901980403,0.010849373849032295
329,0.3869053297436964,-0.32068672323015796
330,-1.068275497551957,-0.13362384297841984
331,0.22893226941324413,-0.043649400482103376
332,0.032967659962007845,-0.3654984679077361
333,-1.187548376071526,1.4562579670672604
334,-0.3389995875237794,-0.23758419423114557
335,0.01668493396824952,0.8605240620964391
336,-0.03980388487072606,-0.3898296358090446
337,0.022169900570176287,-0.6096533063861485
338,-0.2615478260351269,0.6245725397712338
339,-0.34972937459972353,-0.20509961297835366
340,-1.1829717646704934,1.3983116200381678
341,-0.5325654107339095,-0.7192358813215103
342,0.3241276887173496,-1.1812920345756894
343,-0.301992718687347,-0.5497628798887322
344,0.0694897856264292,0.5321020033825072
345,0.6925933811057513,-0.142091612756626
346,-0.5080226543627213,0.6721024828403389
347,-0.005955297695871442,1.0559481082974438
348,0.673609083707098,0.3460071685077975
349,0.2815362320197602,-0.24449703224796784
350,0.6222272539471955,-1.2228624667695658
351,-1.0340292160250149,0.741941755507171
352,-1.1187773521736528,-1.0093941390644308
353,0.42604359202544373,-1.341031316320121
354,-0.20410903261625235,0.1582678774218235
355,0.7552270413360963,0.16979641458858563
356,-0.2604867404735986,-0.3938290994444972
357,-0.08524608284692026,0.3298405939702552
358,0.39179705530881737,-0.5687088472702453
359,-0.3236260790545402,0.2321078866422962
360,0.09991406065564333,-0.6604687258746322
361,-1.0308348748613205,-0.1085465495817511
362,-0.2585577403586898,-0.3965004908158057
363,0.7707698736595877,-0.14684527180239973
364,0.5075429623904912,-0.44981099433080435
365,-1.1502819491408305,0.6953899096786794
366,-0.5627865855067364,0.8429583132316684
367,-0.8632727264149951,0.3416586566088771
368,0.6152044828864678,0.4002296616973289
369,-0.4431700837975961,-0.1748948090029945
370,0.7352271143209949,0.1803256618884217
371,-0.47251194005351926,-0.07908607272734922
372,0.604502339239674,1.0500909121394826
373,-1.0866215255625225,-0.9348742714740357
374,0.7769852288004988,-0.592082401281611
375,0.40034170237263766,-0.43484012284100454
376,-0.1529352559198808,0.6988505555498575
377,-0.30074505887146347,-0.5475359124630668
378,-1.3312886114818896,0.700226894093082
379,0.7441321733735863,0.32423869264544464
380,0.46882398643695344,-0.26657737817812105
381,0.08367821018210145,-0.8308737795909408
382,0.7488962361274214,0.6453799706850057
383,-0.41096060958855063,-0.20580026448061423
384,-0.5231040580172175,-0.40974329502258344
385,-0.3137661658849185,0.5012403067969489
386,-0.16250905125751647,0.11074279779351115
387,0.7959387850111598,-0.4588342643323835
388,2.5756659465100853,-0.25918717555452775
389,-1.1246883981459443,0.4847212124134135
390,0.5349260982453209,0.1924845890600578
391,-0.6068812255005203,0.22905398381149217
392,0.3799639691537422,1.695861845782129
393,0.014293084876058015,-0.4063248868188996
394,0.6605008505264629,0.6507518278106944
395,-0.0817226388386095,-0.4114319929064944
396,-0.10750617398961615,0.18309557517672348
397,0.6365746835864564,0.17700746775074394
398,-0.2636742391857178,-0.1950316720659839
399,0.367991747125786,-0.9775690716599149
400,0.41982707846907247,0.6652820831442948
401,0.464006154276967,-0.36805702459599426
402,-0.46940310878396246,0.3049960517747177
403,-1.2267344844985932,1.1333205431352307
404,-0.19792540563778255,0.7169966487887329
405,-0.17200173438652094,0.22294016459638805
406,0.16906910338343484,0.7482504486872014
407,0.7283769877518037,0.6466307610213957
408,0.38791170898797606,0.6846750158725041
409,-0.25601414590206373,-1.1712429170287388
410,0.6746615151606083,-1.355393648308909
411,-0.43492941525076556,-0.2178340744157848
412,-0.5375696271649272,-0.5944817040033332
413,0.7409355720950166,-0.8363999405427155
414,-1.118684247446517,-0.4261324125311871
415,-1.1197077470958992,-0.9088649221512188
416,0.011785097827312296,0.8606612822364157
417,-0.40234329468401564,-0.7856593209134944
418,-1.1864963592825868,-0.6457741821591604
419,0.35951029860393313,-0.738144089313803
420,-0.4781955922753998,0.1327098862796852
421,0.703540965480745,0.18226222871519
422,0.591261888928668,-0.27514698555722306
423,0.2816577900869805,-0.2553062497731289
424,0.44667743828838713,0.09595504629537831
425,-1.0736854967139213,0.15681445594054144
426,0.3498833481375471,0.03229291541864344
427,-0.34980657769477963,1.2140810726845581
428,0.4393243224658212,-0.4372016622546765
429,0.4491725929899516,0.5189012447154269
430,0.10643609449280125,-0.8671055616946803
431,0.2085518641119177,-0.10390795179649019
432,-0.37569758443660567,-0.5550905779171562
433,-0.5126237307471969,-0.13643765257104531
434,0.6927063404433123,-0.9853372306735566
435,-0.2687513640174571,-1.4360346272046838
436,-1.2933928172970537,0.22313508079923966
437,0.5068341610173598,-0.2875083591870235
438,0.7197794273420863,0.49696451382505785
439,-0.30731902135249356,0.2394439318167342
440,-0.20728771973440702,-0.39930359047345165
441,-0.35927659712568977,-0.08022195875241268
442,0.23595527479988926,-0.6860484253586456
443,0.4681635049638465,0.025296744808532005
444,0.6268344503707087,-1.5243553648905008
445,-1.2938733474668906,1.3062724461059585
446,0.7284060104965606,0.6466299660103013
447,0.6927092721950301,-0.28602671270207736
448,-0.3943899956605845,0.5515205425527873
449,-0.4807079089216486,-0.45969921931932367
450,-0.4208178684892264,-0.5726325073431182
451,-0.6622578098308671,0.5846512010635766
452,-0.3291257470485811,0.4039105561645048
453,0.34562649135701584,0.34827202116710543
454,-0.7066880651739398,0.9562453331125272
455,0.7139257535211494,0.02786374719506008
456,-1.152453539200588,-1.1007007844562984
457,-0.47644906943725424,0.032701279483749145
458,-1.0811118342012427,0.038889479252761164
459,-0.9058348229893232,0.20279164439832223
460,-1.1376846527264957,0.3583310092291968
461,-1.1506518462558928,0.476754238426497
462,0.6707969460853341,0.012989205390978508
463,-0.47074858955833654,-0.21853198791925604
464,1.0653001002406246,-0.2824546089584062
465,-0.5317002258333485,0.24868262684211268
466,-0.3801912350985531,-1.0015595099282875
467,-0.7742007588875702,0.1642055484567538
468,0.008879334739617106,0.485792323210975
469,-0.19775407089137495,-0.44804138025262846
470,-0.43787155199798633,-0.6464028562601505
471,-0.2796047767761519,-0.3957947450433992
472,-0.5084439301281023,-0.840152611385901
473,0.3977413477734313,0.9944632278730643
474,0.6437521993267883,0.6021826452489919
475,0.4192987400326187,0.7834239666843951
476,0.6278694663493309,0.44939047431486606
477,0.4388923485733678,-0.5891620934624539
478,0.3628647046361354,0.1933884117253231
479,-0.5538832172115083,0.5448917304138464
480,0.7045719711777669,-0.8022569560511409
481,-0.4256590604251184,0.23401094935442052
482,0.3206441610284314,1.1702349539863866
483,-0.37700467305044316,-0.5661209920830828
484,0.5265070903171989,-0.06972521021205416
485,-0.5048781400780238,0.2577306768964456
486,-0.38799620433240234,0.561942738290116
487,0.2045442823485387,0.6284018643859136
488,-0.479274936962819,0.40859833202079787
489,0.03667238287880126,0.366641556695894
490,0.765351824225066,-0.4569725303878542
491,-1.184539463485009,-1.3414303522416227
492,0.30298216197774297,0.2555584510597453
493,0.08083087953350462,-0.10569415790849165
494,0.34843971851633987,0.7724303036753075
495,-1.0736865758392178,0.15681496945557025
496,-0.2883042001062833,0.8219671831671445
497,-1.0934182888473083,-0.26489120370793895
498,0.290930092410497,-0.2745808304784469
499,-0.9220616460102614,-0.434534687124279
500,0.5289093289096565,-0.42984496588216964
501,0.7455103903125558,0.1797035647971736
502,-1.0611890682831793,-0.8535800698458098
503,-0.33835372710853034,0.30210203657996393
504,0.18140447487682784,-0.42190472979656385
505,0.41441988607294866,0.3616887369967477
506,0.7143380575492687,0.5028229154425125
507,0.04741563233347776,-0.10376386765222229
508,0.4032408466112997,-0.11003834716919278
509,0.4068469580120664,0.8373521786399227
510,-0.01565200288000193,0.9274237054487351
511,0.05584831200548329,-0.3669539159347023
512,0.5512489263450941,0.607795249133101
513,0.6517859654915708,-0.755715218004501
514,0.3334032108164969,0.5849513239338936
515,0.7908570332510074,-0.7641736142999181
516,0.728415581645224,0.6466294966481264
517,-0.3649068727597105,-0.08004012847493767
518,0.384041932686885,1.381075629482182
519,0.6708755828762348,0.012986930214467564
520,0.04562100095398769,-0.10370430502087848
521,-1.1278505079447787,-0.6375503807098677
522,-0.45138361065670307,-0.5713668225958726
523,0.3902712757892318,0.3018158045854066
524,0.21572536498713596,-0.40824640609554064
525,-1.160968996950107,1.1248266546775845
526,0.02895515326714737,-0.6098703702130039
527,-0.21849677455330135,-0.3989460690038286
528,0.33772931390711175,0.2043353927567226
529,-0.5963672895017726,0.10366898654063715
530,-0.3948916572017602,-0.8982274234034716
531,0.04767453663961779,-0.41436709972527963
532,-0.14479474360308014,0.07878726318111798
533,0.2456260620591048,-0.25447756660916515
534,0.37643575730547674,1.7282146091572441
535,0.5437290879672677,0.25078885438370707
536,0.1417026999707819,-0.5713807465142419
537,0.5100135504042844,-0.4415106825765805
538,-0.37785589047895407,-0.2642729393646465
539,0.27397292680752006,-0.03437261684732314
540,0.4266891027852746,0.34348436071503446
541,0.4721977379326733,-0.7260401028629739
542,-1.2938890681190538,1.3063855211689928
543,0.6648948987506674,-0.7565136466477985
544,-0.6298432738377773,0.10672502463892654
545,-0.4662264129644018,0.4072422281478646
546,0.6053957368305037,-0.44724653733477815
547,0.46864745349398595,-0.42325093432698896
548,0.7592540049629347,-0.6084811870551624
549,-0.27944269979763253,-0.9437797212404391
550,-0.2827578454536323,-0.23258547043692027
551,-1.0120687377799735,0.4687567376600827
552,-1.2800549253072573,1.1342958263632716
553,-0.43274785965452617,-0.07602722710402966
554,-0.42536047251028414,0.08603681919264841
555,-1.093231046123827,1.3165795515735101
556,-0.15774638319217876,0.2332327276296169
557,-0.28839390887608163,0.39410352551645866
558,0.45466412128355027,-0.059520697856179104
559,0.275200096774338,0.06074388131459224
560,-1.264257151084095,0.167748129158393
561,0.7110284719282978,-0.6507665600250591
562,0.5635759971376085,0.019489989053065086
563,0.3750265510482358,0.13685773116729585
564,0.6658792948686361,0.328991567673785
565,0.43735578925895047,-0.2833003349477607
566,-0.2540001940731257,-0.702441534782602
567,0.670999424018067,0.012984151935240003
568,0.4268763551741286,-0.4171176958640053
569,-1.182662505692522,0.875563591173962
570,-1.1453835154146201,0.15980593032292023
571,-0.2891446827303339,-1.320763819333793
572,-0.42563713482194776,-0.17468071129066837
573,-1.1610954881993263,1.1257364773637195
574,0.528246025242505,0.5049988389545873
575,0.5330145852436746,0.02133602629114862
576,0.500435660993684,0.18524262954106116
577,0.7160154349764564,-0.5030655553984171
578,-0.25979016500701685,-0.6058879965913524
579,0.18385689875987754,0.4367413749744368
580,-0.10706449858765807,-0.03240647452353679
581,0.019000484395703232,0.22298004069427285
582,-1.0601970517315926,-0.547796419804586
583,0.627809249740131,0.03309130176377518
584,0.3953692511500103,-0.4346813584185458
585,0.6046162362710155,-0.08620107531131474
586,0.6925984605938775,-0.14209173870753003
587,0.7454310420440264,-1.0482694017900251
588,0.3132817005896006,-0.016549059378151456
589,0.6708827826027073,0.012986901239176082
590,0.2545644112533123,0.3688333168741733
591,-1.0978871940965464,0.9666695865471
592,-0.534021267607986,1.2227292352270402
593,0.07650103846910286,-0.8546016981486536
594,-0.5777139218591077,1.0290288294646697
595,0.7226871258822894,-0.9233228323557446
596,-0.32379679068523104,0.3784494294126382
597,0.47775248268263826,-0.5914052115344758
598,0.5644009912687519,0.01946844348937759
599,0.7234733147106287,0.0189044745716408
600,-0.3372918762902872,0.3337589008411144
601,0.5194267704345077,0.3553395334766602
602,-0.37485649061022924,-0.05533771207733421
603,0.6551676916132179,0.9788536860402045
604,0.7024752405318069,-0.9027327091001919
605,0.7594319829967401,0.0076113315782746094
606,0.4367303483403471,-0.2832871733008952
607,0.5038543308649146,-0.7038445116657098
608,0.40865179377888905,0.3445950680169031
609,0.38402585800598543,1.1665497894464851
610,0.4039977315510098,-1.1748399442813167
611,-0.546846588705294,1.2901349877715516
612,-0.3713946195899856,-0.5482402472432641
613,-0.040956855567788136,0.3024981394657986
614,-0.6083575160483068,-0.5504403906132174
615,-0.13352708551957418,-0.5131484242016778
616,0.35747834173277204,0.8462347100424154
617,0.5689297396882164,-0.2912822431262088
618,-0.33114014144634224,0.4039573536845972
619,-0.2548597925847783,0.7708845961762624
620,0.047744404943081103,-0.795146899381409
621,-0.3248928187173309,0.725343803310792
622,0.5389378007588599,-0.13277562783564548
623,0.6066878018671088,-0.4316041667433432
624,0.6074067622904806,-0.16940598211856323
625,0.7909160373547015,-0.14807111509139698
626,0.20752355029281788,-0.10387372429463454
627,0.7078545193752697,-0.4087638329096159
628,0.17367450740366866,0.20478967643552257
629,0.6767359211600565,-1.037576832157834
630,0.7316087489995906,-0.08219201420609379
631,0.5663839377563142,0.35251405836866434
632,-0.05812578000037144,-0.20652404233743607
633,-1.0128546891390338,0.03424734475844522
634,0.3905824528777577,-0.12392729182643283
635,0.061219764373491845,0.0665846854711592
636,-0.6247526383232604,-0.29553341400612004
637,0.15930051468798057,0.854771427675604
638,-0.5495784867296091,-0.10228806105030362
639,-0.4931136127057669,-0.36461888502453327
640,0.24122017328604534,-0.2716804997450208
641,-0.35230734866002195,-1.3041178680321812
642,-0.32629084282413195,-0.7049749520949189
643,-1.2800470732718772,1.1342393484648783
644,0.38433751096941915,0.5137064034956046
645,-1.0448869916396075,-0.1259450507239952
646,0.4931372735554161,-0.11542277508140444
647,0.2742164893950133,0.5252184361744754
648,-0.6931514169257915,-0.1594000782314285
649,0.4178315599925536,-0.28215011097091386
650,-0.8235472238811852,0.030063293607738007
651,-1.1896111457787888,-0.8509009930689941
652,0.6420119989550411,0.0677024990277478
653,-0.5660064514221937,0.4146007227477274
654,-1.1036857998099197,0.22369232648089885
655,-1.1330398879746748,-0.7449576199402623
656,-1.156246247936888,-1.1132023498083299
657,-0.48047712948431226,0.6594414960842908
658,-1.0627044960759893,0.5399906735460958
659,0.7302837188185719,0.4963291572723403
660,-0.5693280640517719,0.24335464541673904
661,-0.7983947310724355,0.1595355087436325
662,-0.21201879964192485,0.8182852616368325
663,-1.1872985601478314,1.1930395541717256
664,0.10612770501145985,0.1587089521374091
665,-0.2441352619776951,0.5539566264225102
666,-1.0915590804372888,-1.812827621238864
667,-0.39931689773606266,0.17620155627934245
668,0.6653756192230743,-0.2880154416013091
669,0.02380238515296698,0.3844889980134153
670,-0.9939688491085893,-0.4486077066348242
671,0.7120909804078156,0.8216388095457872
672,-0.37663603061706913,-0.16309863839607847
673,-1.088086175166632,0.991991399755939
674,0.2857096132083934,0.03618418583141432
675,0.6660608161064077,0.32898746727064454
676,-0.9041704316806759,0.24462302550676854
677,0.6498888930494267,0.17620238816784228
678,-0.4846385759785754,-1.4648058214806041
679,-1.1446460819986521,0.4817395973119587
680,-0.4166065228519129,0.2679045278204608
681,0.041718664776318304,0.050647735543765865
682,0.7122233805577264,0.3261809663876355
683,-0.4525541370652958,0.5575601952945662
684,0.7226292422422362,0.17178186770454212
685,0.5235541316251012,0.07481379811565818
686,-0.9176083283446801,-0.7690690559727812
687,0.7064060148934583,0.9198173455076649
688,-0.4338616384085027,0.7015918810308479
689,0.6739037174193446,-0.507298795968082
690,0.65785373063922,-0.5208868595246616
691,-0.31598769707561075,0.8813785451514542
692,0.7173897059867869,0.49353811179264645
693,0.3197258486970632,0.5022451699618002
694,-0.5534535838864594,-0.46470057008782634
695,-1.0875189775641674,0.32890559187586377
696,-0.1413977674764512,0.07868481315587508
697,0.14356012966655715,1.0095598305988414
698,-0.1246213210457692,-0.4041040168197186
699,0.7454713707430536,0.1797046520332005
700,-0.28922460973172115,0.5438994544282771
701,-0.08133240534987507,0.2698726823689426
702,-1.2966596646880277,1.079220381264626
703,0.4315814625081036,0.027480165710741543
704,0.5505552064101927,0.1915589723550639
705,-0.5467834377913505,0.670811425950099
706,2.5136432984517274,-0.9914096768175817
707,0.7653548128120891,-0.4569732928736223
708,-1.1920009442405552,1.5115617133906543
709,-0.2565472822782294,-0.2569966458724651
710,-0.34795151367438915,-0.8228245176107611
711,-1.1347130098052935,-0.2549260066251159
712,-0.9939682395691031,-0.4486053794244697
713,-0.530650550958281,0.33890468483150415
714,0.2342101897998852,0.157325220543853
715,0.5582488552735194,0.45361048968939477
716,0.6821034068455255,-0.0967443631861893
717,0.03302659652448986,-0.3654971729826161
718,-0.25458932094407194,0.6551202515730857
719,0.7158965691515904,-0.9985460505707617
720,0.7116006128982953,0.598062410050871
721,0.33964708965857465,0.6700477185757292
722,0.5097022605345565,-0.822349485327359
723,0.7758330409287588,0.16854494094149852
724,0.7112636246822843,-0.29991379957194303
725,-0.44899261050668365,0.07905657286951476
726,-0.2918313416885228,-0.2418594102427805
727,-1.089529878061188,-0.4282800887257937
728,-1.26286272787974,0.157718361303112
729,-0.5178970376915196,-1.601653179661552
730,-0.17812363647707657,0.2231881559904573
731,-1.2007148220376882,-0.1935174785485003
732,0.3793534783514865,-0.7393770469121141
733,0.7654591424166148,-0.45697741566175965
734,0.7809611909320933,-0.14746514835809796
735,0.5173973244189706,0.18422219592998107
736,0.17283701242134175,-0.8022844694056255
737,-0.14503380943949462,0.061167074458058
738,-1.0334811638760053,0.11611268328140782
739,0.11666502005260473,-0.10765894924340716
740,0.7245402126130591,-0.6167572396533466
741,-0.703742958163712,0.053755276348374806
742,0.36312747253065236,0.8036597002661127
743,0.5903292382085054,-0.44634590960363657
744,-0.4217273501462772,-0.08163797971118791
745,0.4543332599799254,0.1973863269810744
746,0.6430687331309494,-0.3013463490710053
747,0.08136627036692864,-0.05517241885285882
748,0.07231452477830863,-0.2443791398434232
749,0.3819637574610018,1.0127960582606625
750,-0.7608549812911158,0.20963360156330596
751,0.6984028810352567,0.49827061615382423
752,-1.1002769122326175,0.6971291664217245
753,0.593231857612488,0.017720795118117694
754,0.6285478977355131,-0.5172442297775317
755,-0.3003832041246057,0.5674640477338992
756,-0.2670631812651881,0.9770745099574987
757,-0.03957379025194577,-0.08399638127289027
758,0.7543126783354771,0.32361933333389237
759,-0.31634365695128774,0.376996773466714
760,0.7437956554421769,-0.30189764202524333
761,0.6361933250445445,-0.49912647199465837
762,0.7541547044109552,0.32362323347170224
763,0.7223976495550226,-0.30059109745769336
764,-0.6989299958971067,0.21924278806707842
765,0.7035345738317056,0.18226242994533565
766,0.5389510898488028,0.6581433799729669
767,0.36097039990107466,-0.05392837039461202
768,0.677122162288052,-0.07298982795031016
769,0.7486364678335455,0.7634853332876902
770,0.31480262740563825,-0.34649509355689334
771,-0.05143489207430427,-0.5173095907101081
772,0.4845845501401546,-0.35475463679210234
773,-1.0229797592102372,-0.7524850045022032
774,-1.0178175576700792,-0.556214389669792
775,0.4625962473109615,0.09604682815963264
776,0.6144461676012358,-0.3440466667503329
777,0.732802363068174,-0.45499004602393733
778,0.7439276879232912,-0.30190089745398224
779,-0.4557667693063568,0.7482803042588596
780,-0.031033265095001122,0.05469857619451065
781,0.5594618912223687,-0.43534695807883406
782,-0.05283135698598618,-0.8614487830551503
783,-0.5912369163546106,-0.02920242996933663
784,0.06479699850044765,0.3648684560688796
785,-1.1246818487407233,-0.6029163690570352
786,-0.4593419273393796,-0.2313153113273242
787,0.3601437252165936,-0.5763749607183114
788,0.1602227728744926,0.04365105615995357
789,-0.2081903489624234,-0.7050671456104997
790,-1.2746995625714574,0.8060422998545863
791,-0.34909449478951116,-0.40030681706266075
792,-0.23065630748315574,0.4973974022540846
793,0.6333066995069784,-0.07621543265347626
794,-1.274689147980605,0.8059673900795401
795,0.5400191581058998,0.82932858399959
796,-0.7146164242197195,-0.4544255226575669
797,0.3943769932425395,-0.12404729776059165
798,-1.2885539094461842,0.9782773178737268
799,-1.239836400357416,0.8129743908605067
800,0.38835476289381454,1.0530017381722476
801,0.733626803857629,0.3248743211651248
802,-0.9990204982475812,-0.1378426958732682
803,0.026593894859468475,0.5343453691329583
804,-0.3799007424984341,0.3900060015171915
805,0.524639102062104,-0.8232805843891161
806,0.6605822039547422,-1.2143685889274762
807,-1.1979152842465606,-0.3937763912813195
808,0.7441204206955081,0.32423902687315165
809,0.576629131058911,-0.2742602538995519
810,0.7092359906971979,1.1468218597866586
811,-0.453317320011158,0.07918428702263795
812,-0.4660368840813759,0.39541758453756026
813,-1.0736849545438332,0.15681392282687218
814,0.17949013542763365,0.13583708346881235
815,2.5184846533443617,-0.9384928022125767
816,0.20673108551756647,-0.42346077245751945
817,0.6636976919604155,-0.4416838606547302
818,0.20183338042650859,-0.9257425306358099
819,0.7219542336118985,0.5974304624458234
820,0.8009407168175232,-0.7647837064196139
821,-0.37120116167116946,0.07390476745007796
822,-0.7099444302099476,0.6606590150743779
823,0.659071010501435,-0.24903164966839914
824,-0.379336660106547,0.40787961578332343
825,-0.3132220960608423,-0.39978876889697457
826,-1.0166228546680733,0.5150338714254588
827,0.7654484065347352,-0.4569770581102872
828,0.4315189738836061,0.02748480054154638
829,0.7006859300922311,0.444967613127181
830,-0.5309092202088428,1.1637046442681356
831,-0.5890620160673643,-0.33595426252860955
832,-0.28551525329905564,-0.23248187792165456
833,-1.0120677763601424,0.4687580566953355
834,-0.37951553507379604,0.33818007215932305
835,0.39502549829415656,-0.0737010967451137
836,0.5181819721175118,0.18419759695806293
837,0.04828592398002432,-0.4143950301306975
838,0.24140866565136354,-0.27168532725960226
839,0.18398471937657002,-0.531196374032857
840,-0.3714970776250415,-1.0021737905789987
841,-0.5407996486095977,-0.762707929490901
842,0.7542367259600942,0.32362113237040446
843,0.700683425210249,0.4449676819282383
844,0.3502304982008999,-0.1214558137191263
845,-1.1294586006373712,0.5440600159718015
846,0.3786964210810857,1.7162409539114978
847,0.7515146531021569,-0.28488390431190874
848,0.02100568308082673,0.3845692034701311
849,0.5039342239775937,0.3563006751268447
850,0.5118686777321064,0.9906785779735169
851,0.4880607506286873,0.19534177218378931
852,0.45715507348264,-0.8530473499020134
853,0.7067853117429388,0.5969601779177983
854,-0.5689851808358921,0.5648923841358418
855,-1.0736848740830454,0.1568152295742175
856,-0.22811845765201125,0.3864284367515145
857,0.6958632135708333,0.6486141278514393
858,-0.5277318766570019,1.163390114374546
859,0.09052196959458947,-0.3332874430313535
860,-0.4858811857519318,-1.2980140521662804
861,-1.1780001663240287,-0.2666004114628261
862,-0.5434827972947357,-0.23713853805587212
863,0.6625121650148176,0.6555479559491232
864,0.41646598115086686,0.19960519902693102
865,0.25563520456067,-0.4264433652741719
866,-0.22271255023943531,0.05007651215393988
867,-0.3314446745489841,0.37826419296964897
868,0.08649008426647131,-0.41647901879072363
869,-1.0872473426090017,0.35447457825345363
870,0.5536201421387521,-0.12455774231295164
871,-0.3761822328851837,0.38991567124275195
872,0.7421650957699757,-1.248674103446996
873,0.35292023168689235,0.04950536242262853
874,-0.30469794165651626,-0.5472667110014169
875,0.7379226571632743,-1.2299000827753586
876,-0.3859402959788978,0.23647280547343982
877,0.5277856860131174,-0.44255674734868145
878,-0.6054784800145844,0.5174152135817046
879,0.3792038039080371,0.09876416292632398
880,0.49689826484385136,0.3392564783922031
881,-0.985146863393308,0.5949981877652032
882,-0.12134585814036064,-0.14980995231927044
883,0.06292688883834262,1.0318902669157985
884,-1.2184894017990169,-0.7775333258449156
885,0.7401333197929237,-0.4463311759263645
886,-1.1966245297495726,-0.9277577709595195
887,0.6437227653671576,0.6021836395474468
888,-1.057635903953916,-1.131282863028188
889,0.3369628718064412,0.20435895217155123
890,0.7113273150090695,-0.2999154797402336
891,0.786035800958393,-0.458229941388386
892,0.659983290250057,-0.45056709652268534
893,-0.49302535558579597,-0.6853964227497934
894,-0.4018663336349491,-0.5423656067551574
895,0.53912996148467,-0.132782018250985
896,0.7387601843597935,0.00886609792844975
897,-1.3414978707134735,0.9756537548858095
898,-0.5697727016071297,0.11279794526534215
899,0.6823309586949178,-0.25043898673348286
900,-1.0840530030103497,0.7945795445146343
901,0.604318817262608,0.1704665998676339
902,-0.4855463731648135,0.8340074134245057
903,0.15701440411872042,-0.6831766426098212
904,-1.1324118560321657,-0.12532327031772442
905,-1.150611236904447,0.47646214462994896
906,0.3564876092735872,0.04939229085048836
907,0.5077096208176365,-1.0097571148534341
908,0.72142951136789,-0.08158063799842485
909,0.392087348098765,-1.2683719443403008
910,0.6382823816579821,-0.24200702043116412
911,-0.35034104557874834,-0.7440978698387596
912,-0.960871778534634,0.7910595292594305
913,-0.5939812036670489,0.25043398772117403
914,-0.8603626459319424,0.9622673655111915
915,-0.008244855472984092,-0.3429729586110465
916,0.6176424589574487,-0.40028456215846425
917,-0.6212250059084958,0.8988957415097912
918,0.7325834503086435,-1.5307742455124886
919,0.7173910926838699,0.4935380629244245
920,-0.26872574312868536,-0.25612586571170054
921,-0.9939687752339267,-0.4486064015360229
922,-0.12074057276029823,-0.35955890417609104
923,0.6910558418452651,0.15832208126705422
924,0.5179529424647078,0.18420464205668394
925,0.5826412113037492,0.6554911062347271
926,0.4170479904919419,-0.43594030984837456
927,-0.6552368198676719,-0.2418152246684556
928,-1.039577183953447,0.33401867277725417
929,0.5452328021964786,-0.5525753741684986
930,0.6711080839284749,0.012981424548971322
931,-1.0047185015777291,-0.9632441016594523
932,0.6994156472450477,0.17318971223909682
933,0.044897272567245544,-0.8113450413060126
934,0.7016121239936832,0.979156815606185
935,0.7254536254471033,-0.43095091054681145
936,0.10408991090000205,0.1150545609230425
937,0.15247798264263104,-1.2240927188349666
938,-1.0624452568669247,-0.13073681699974465
939,0.4190103601229871,0.6653005225862888
940,0.7515470780740746,0.3412610997997439
941,0.5334133588914074,0.1832449883268009
942,-1.1332660216215813,-0.7433310922292664
943,0.775546121905171,0.16855207125653876
944,0.34390766652590476,-0.3839061774985309
945,0.3566316342967176,1.1387624395171005
946,0.272373997056104,0.945880272778946
947,-0.4415703276611156,0.09055435237327396
948,0.7094410994403124,-0.4535775140876875
949,-0.3270723779107287,0.4038615756158654
950,0.4336653613234324,-0.2832074031714563
951,0.39106614000261825,0.029839465547339
952,-0.43997232165168376,-0.5135016454727137
953,-1.1032214376808833,1.2947712078194031
954,-0.44327541538079696,0.07887494534594065
955,-0.08007834756253562,0.39054925718657135
956,-0.3086232061678799,0.5632093183121011
957,-1.1608706072308725,1.1241189598829313
958,0.5862358492955618,-1.0144766049226226
959,-0.9022688421268839,-0.07284561245363654
960,0.4814523610074093,-0.3920473562089171
961,-0.4892174214442112,0.5124979238744342
962,0.04862436767280379,-0.2601672659059553
963,-1.0950069440456622,0.19890125531328723
964,-1.132153469772017,0.21319874424639876
965,-1.1897677272909155,-0.4538129553871426
966,0.3393806851434362,0.21170532463695257
967,-1.078821904779728,0.47282356744978615
968,-1.2113279031115844,0.9326434813432252
969,-0.2114615403800616,-0.7049487932037045
970,-0.24326405729840203,0.3457039976230789
971,0.5106512830785893,-0.44153100655017463
972,-0.4863111725248467,0.24584675780911383
973,-0.2365676557993909,0.06615369609538867
974,0.2952373102184267,-0.5805129072473945
975,0.7114999071698292,-0.08096741008068635
976,0.6227157322940651,0.561554486152914
977,0.33317859743368594,-0.22951432895229876
978,-0.330480945707059,1.0534693577910448
979,0.354510790162189,-0.43219421159168914
980,0.016543289298951713,0.7063029295783505
981,1.3338284784650805,-0.1998510045161
982,0.37573409635906246,1.7392722598318247
983,-0.6801321759627142,0.8449903950964747
984,-1.0120655290010554,0.4687378886764757
985,-0.33682002934796057,0.5988513727783698
986,-0.37995935333202807,1.0269070532250284
987,-0.3319153558883508,-0.8084848965811257
988,0.7277734161103028,-0.14422669277869873
989,-0.6645350371177057,0.5257738588923018
990,-1.0812855515775783,-0.7061611425064943
991,0.3689247252647849,-0.4888452747844798
992,-0.8867393060526444,0.5854119330383737
993,0.30399991222227196,-0.20722519259546923
994,-0.12176211599935588,-0.853994128809962
995,0.3024282969995144,1.2440590882949119
996,0.3973543175517637,0.9384818131831728
997,0.2730697915707544,0.6740118337130516
998,-0.4650418810058553,0.7108909546363773
999,-1.055419517798685,-0.053968906505378125
1000,-0.24685239856774727,0.4394865937800336
1001,0.14074870434857828,0.7999110080200669
1002,-0.24356619940172206,0.39710915742794467
1003,0.4209167318352187,-0.11114838817649535
1004,0.28178896242574436,0.036296196059969574
1005,0.38920492875742374,0.19196179779663652
1006,-0.7045122619146478,-1.2583415798322108
1007,-0.38434682172627976,-0.261395829583156
1008,0.2045938526959597,-0.11279122371716806
1009,-0.17289450038966014,-1.4774183942289374
1010,-0.3318425108864471,0.40399645664674383
1011,0.37032060286916646,0.6858017511364085
1012,0.25200201735740946,0.20011752240190886
1013,2.5481666964432095,-0.2537463905923588
1014,-0.41157553269879316,-0.72256597618865
1015,-0.4470078522172928,-0.21934235687434378
1016,-0.005061750510551272,-0.8255868854029209
1017,0.12306688288380854,0.6923465463754994
1018,-0.6930845691492846,0.689391642603601
1019,-0.37640769195048956,-0.3962881682589849
1020,0.03295221292813125,-0.2120634232912328
1021,0.5192482339773897,0.19342364374377324
1022,-0.4026697020222034,0.9737713872298607
1023,0.7653787243843462,-0.4569748306187742
1024,0.18155453472371902,-0.42190700938811676
1025,-0.3646719886023466,-0.08006712156191871
1026,-1.1354392935261477,0.36721200366044826
1027,0.06360268811312618,-0.26159185953962916
1028,0.2003063599950097,0.6877217123525065
1029,0.6429540163104908,-1.1360883239597255
1030,-0.7630674807986293,-0.8852648776344759
1031,0.6879120847091229,0.22443418684188243
1032,0.6516404276123803,-0.7557106013331026
1033,0.1379953957432791,0.20669856998489486
1034,0.3060812208153426,0.5864052303944054
1035,0.7806678705354482,-0.14745582466950838
1036,-0.2634775247320143,-0.5018823285674362
1037,0.5912676618633326,-0.27514732517210727
1038,0.3299440989814594,-0.13551439004396362
1039,-0.004745281102478127,-0.19250743135891463
1040,0.7138955288823479,-1.0571834898209453
1041,-0.06489804208830408,-0.25394573608823334
1042,0.16890985540169415,0.7482536907931635
1043,-0.2574285260960557,-0.7775830276746108
1044,0.7492429187638479,0.008231116957012022
1045,0.5093527451943163,0.04028331281476861
1046,0.08273418329372136,-0.41635145282234826
1047,0.35103536246978384,0.03225935810228495
1048,0.7382406736370104,0.7641116337949473
1049,-0.401781479504578,-0.06950830007927376
1050,0.4200220541884775,-1.3473339184229318
1051,-0.3147742101354698,0.5634034776821966
1052,0.759048185562266,-0.6084760529669481
1053,0.5530732960658327,-1.0474288682536184
1054,0.6659983668727797,0.3289887747749252
1055,-0.15308306621007994,0.23312675635976465
1056,-1.1718055815790596,0.7441323075312438
1057,0.007509662502984432,0.6400363433083762
1058,0.6879911467658048,-0.2985059722170155
1059,0.7322366975838123,0.5968084584356436
1060,-0.1251407304462169,-1.011215401911311
1061,0.10327458833849144,0.19351223628451358
1062,-0.48610052858648295,-0.1125254538712389
1063,-0.20868821827414075,-0.5540578605765524
1064,0.3310703001430526,0.3666491019570324
1065,0.7145128144008871,-0.1343148205420774
1066,0.7058115869249161,0.128959588652281
1067,0.07404083948233846,0.38201544355284006
1068,0.6048984675173448,0.021907535868824962
1069,0.42952125190242385,0.027530556115235985
1070,-0.9927029502353011,0.08913246258703297
1071,0.5554167914368459,-0.8251358008114692
1072,0.17277805035594615,-0.11102304405610389
1073,0.6649978753052905,-0.756517011998331
1074,0.7592601293383394,0.007615615805811378
1075,0.32732042752593526,0.6883583040820308
1076,-0.4869645579169342,0.7332567475012355
1077,-1.0978871940965464,0.9666695865471
1078,-0.6577350412383891,0.9419146364055393
1079,-0.4831422645959689,0.32982338539221
1080,0.7267150370431339,-0.3923504310733126
1081,-0.7777872981223083,0.18355184519297996
1082,0.3375507441347443,0.6701081583260486
1083,0.6711691685978789,0.012979800760379677
1084,0.6042582753346034,0.2827254903913918
1085,0.6663893605309841,0.030746731193930826
1086,0.5529480319540825,-0.5355557953150241
1087,0.7542004753474356,0.3236223808763221
1088,0.38336315788761,1.1665687564374831
1089,0.2646486097785363,-0.0012782767846506813
1090,-0.22164544542620573,-1.1518415485246618
1091,-1.1649122596903219,0.14411151151807305
1092,0.7908323940531166,-0.7641728510281407
1093,0.5388793975904388,0.6581455516442488
1094,-1.0074672325026648,0.09289717151007593
1095,0.1016806033175132,0.06446535196089809
1096,-1.0879777937848625,-0.4156439243972162
1097,0.13236606763401726,0.045305867623039967
1098,0.23606145879803403,0.039082325834519274
1099,-0.017357956595884766,-0.2477529862236521
1100,-1.0301275013931734,0.5147374172851866
1101,0.09767663792147904,0.46582066286928453
1102,0.18777277136640166,0.05939610902220346
1103,-0.2581206002226636,0.5543308286058068
1104,-1.09536330485294,0.17857619886243364
1105,0.6549597957798727,-0.13980384717874766
1106,-0.007955308579215004,1.076350842459608
1107,0.47351491107788635,-0.32591346028020435
1108,-1.2236739843554565,-0.12415732669545872
1109,-1.1390522478374356,-0.4972658135148065
1110,-1.0686318580527814,-0.15394890163352454
1111,-0.49634125514238897,-1.5950594449963043
1112,0.6761746650689657,-0.29778305145903583
1113,0.6468046793105454,0.8228385023287554
1114,-1.0632231051017524,-0.44438793066209537
1115,-0.38205425508080504,-0.07290632899952015
1116,0.6820196108053787,0.540389931868564
1117,-1.078821904779728,0.47282356744978615
1118,0.45122272647899625,-0.5709909358231618
1119,-0.4400904987652991,-0.39102553993905265
1120,-1.1939867299368656,0.8011977495054997
1121,-0.22921908566926982,1.0460820254662189
1122,-0.44133457309937285,1.0016024189645212
1123,0.3759167264066614,-0.10732407998146987
1124,-0.1945712942190041,-0.09208236553931243
1125,-1.0582490034568384,-0.7503364837569253
1126,0.6663050594574222,-0.3027548728813124
1127,0.5437550574334133,0.33639865869151414
1128,0.7594351970490572,0.007611365009381937
1129,0.4930429907529475,-0.11542024930897055
1130,-0.25957198330003434,0.3770634670862025
1131,-0.5042123944163428,0.2519992449298053
1132,-0.18989897588313645,0.5451227995597739
1133,-0.5408597606422852,-1.1252834562301943
1134,-1.1399464285067349,0.42228725046897475
1135,0.7346797358046671,-0.3717909320012103
1136,0.6204728370806802,-0.8822815527426617
1137,0.3881934504659882,1.3258943276199189
1138,0.36467819899106824,-0.5672615918323842
1139,0.5165223726416625,0.9313431528651692
1140,0.3941584293811129,-0.4346424331864534
1141,0.7603214268356769,-0.1462105856450533
1142,0.1306037828487312,0.3612304051885654
1143,-0.37391363489383506,-0.07974241369482088
1144,0.7490259395812296,0.008236400183596403
1145,0.6260739488299643,-0.10271472337597898
1146,-0.7701325535637707,0.15568811779440117
1147,-0.6131592212278643,0.3342720929154812
1148,0.02446410911132957,-0.08780969501618703
1149,0.7139270104996251,0.027863694540251168
1150,0.7755662923497384,0.168551435900712
1151,0.1965280136110838,0.20331251264663106
1152,0.6228165655110324,-0.5574067566961355
1153,0.0823558279987148,0.21010007639438552
1154,-1.058383811229771,0.39955206761433054
1155,-1.1496843766109537,0.4697954500791256
1156,0.7720630360128886,-0.720123881094827
1157,-0.22306080790729416,0.3816661647100109
1158,-0.2989661280368268,0.721515972579413
1159,0.34572192800808754,-0.694425201162062
1160,-0.3069213828343595,0.5531385563567973
1161,-1.2800451922273575,1.1342258185409644
1162,-0.3999616610462645,-0.057878197132440974
1163,-0.31646970175403977,0.5534629516466995
1164,-0.6132306145271772,-0.00165595228214177
1165,-1.0926560873778557,0.6449135484295069
1166,-1.1198404938481028,-0.5499994944519311
1167,-1.1841199632337696,-0.199886397291154
1168,-0.23433310445030203,0.5467746358538343
1169,-0.4385374346670947,-0.272950563491409
1170,-0.05977176424761213,0.05655037943609384
1171,0.3924514059552655,-1.4221959573773806
1172,0.7129430996816809,-0.903359463622229
1173,0.3450809616317742,0.3482864754998611
1174,0.1982261974293283,-0.557330585068487
1175,-1.2186305873866372,-0.4348567119345965
1176,0.639011192265807,0.6615210949935104
1177,0.28343041447058637,0.041227489316192266
1178,-1.338399957532097,0.41921292279780764
1179,0.5213090921086445,-0.17033103236919478
1180,0.7505497193842309,-0.1310601681881525
1181,-0.19176255602362402,-0.35270171994542343
1182,-1.2020836734686973,-0.45131271641935955
1183,-0.9453931845872022,-0.10293682048524952
1184,0.4191187883720188,0.6652979475852165
1185,0.37505565827919884,0.998922950789241
1186,-1.218621614832746,-0.43492124946690036
1187,0.6926496703722808,-0.1420933524583544
1188,0.7353927288426233,0.18032156447282097
1189,-0.24690891586525696,0.8751249648608188
1190,0.49176025623223796,0.041323477548277365
1191,0.6882236820005161,0.7172322804676659
1192,0.5008553159269103,-0.22196351775175757
1193,-0.3360536801537253,0.054629141186952834
1194,-1.1114236912582698,0.06761658050778936
1195,0.41993952948470376,0.6652744620440408
1196,0.37652198143463983,-0.7392852759934362
1197,0.5338974274853407,0.18322980813910877
1198,0.70449267147268,-0.14281673478595006
1199,0.6983986213845449,0.4982707283690764
1200,-0.24695435471569455,-0.7026663015259705
1201,-0.6734828889903047,0.4300767777009236
1202,0.00971039779998556,-0.5045528545495881
1203,0.6627439741225143,-0.7997020484733237
1204,-0.5536266932882662,1.2903745047725932
1205,0.6173285168191054,-0.24663165068097362
1206,0.5227207271450701,-0.26488130532121745
1207,-0.46978557752853767,-0.5370180992178549
1208,0.6101794531238478,-0.7531892290672153
1209,0.35856210713124104,-0.07151835044576309
1210,-0.6531365318071269,-0.06289251667564999
1211,0.5108403416928942,-0.44153706126338343
1212,-0.4335219663837263,-0.08013875060961065
